username,bio,followers,likes,posts,comments,shares
fashionista1,Fashion lover,100000,10000,100,566,78
stylequeen,Fashion blogger. Sharing the latest trends and outfit ideas,500000,990,88789,99,898
trendsetter,Leading the fashion game. Join me on this stylish journey.,890000,768,8998,899,989
fitnessfashion,Combining fitness and fashion for a healthier lifestyle.,100000,999,999,997,777
activist4change,Passionate about social justice,90000,789,987,989,789
feed__beauty,beauty care tips,740700,10651,2734,300,500
roopvermaa,"travel solo, slow and raw",140000,1177,831,200,799
thehappyplace,your destination for all things home and happyness,691000,8467,784,77,400
mom.ma.g,"i am not a parenting expert,just a mom doing my best",924000,23877,1090,1024,800
insidertech,silicon valley news and cool products from the @insider newsroom,1700000,1423,2726,80,657
chunksmedia,a marketing agency made for brands and creators in the gaming,691000,12780,1421,2855,631
animalbasedbae,ancesteral health + moment,122000,1044,644,59,345
stock_gro,learn to trade like a pro,429000,8339,359,80,99
campbellcreatesreaders,k-5 reading specilists,4130000,124,1043,231,87
carftsgallery,craft and diy,292000,4732,375,14,80
cinemacake filimmakers,"authentic,emotional films,created by most talented artists in the business",3713,13,812,16,30
bodfshigel,odrtiizrikvqkkxavpur,887,87,33,3,12
lfsbujbfbv,omigfjsgajfqzoajomht,464,62,26,2,20
zmtekzcycb,zdeivruhoqbhtulmnchg,683,69,24,6,5
mawlkyqhex,jnooqgoxqnedmmxaiuao,419,100,49,2,15
lwzgfcnwlr,owmebyigtdbyrwsjdiqb,238,38,26,10,9
umlvvzxmko,cqweyztfuxgwkpbeqawx,541,46,50,3,8
mzcukztbfw,pvuqntsyygtzvtprubab,169,28,39,4,11
goxlaglqbe,dlsvtmbruvoczndxzive,742,89,23,3,5
zwmnvgqpwa,vadvakplrfjmkxvabalw,655,67,11,8,16
tgxlfbwnhc,bynjcjblkfbgvwjxsqiy,802,56,39,9,12
extubpkhes,gohsvfyvrptoamzpatuk,738,88,19,7,4
uqtydyxddy,qudvkeuvvpcjrgmisrgy,519,80,29,4,6
clttwxhsyd,znjcgoxkqypodvdjbmcm,260,27,42,10,18
ltyknsdvbs,wzbwgoqytgadjowaeelv,335,82,37,8,20
soeokcsfkc,hawrxhhicmvjroywyhpe,862,42,49,8,6
cbokuaklhe,jgfcmgeirnhigdtdglix,393,33,19,8,17
lnifenspbo,gwacwckrinljibignowy,364,85,30,1,17
elezprkyuy,vcvgbwmphhodsyelstfh,132,82,27,3,19
ojyldzptxc,kadbmgblehsbnlizvkcx,844,96,20,7,15
twapekcdbc,plwtjdnmyjgenyzdhizi,734,29,17,10,17
cirgqwglmf,czzdorypuqtjowfllkbu,606,93,45,5,1
zmzaerhkzn,eilidikvaplogtzjbnyg,160,71,20,6,2
usxwehjcwc,ygbmtlfadnulziiwimic,782,94,30,4,5
ufyxowkghy,rzxorbneggutdakjryto,474,19,20,8,2
hrbhaibufi,pzatoqaxfjwfvgcugjqe,128,12,15,3,5
hjtwluitql,vnwznkditytsdvznlrwi,736,54,13,10,4
hlyagnresy,zkacpdbstzawqfgnvmee,864,24,25,2,11
kszvplzyax,zoqjmkuxngqutlgmdzvl,658,26,36,10,18
myoreaumqh,zroxegfiibuqjxxsbeup,301,70,28,4,2
wmgvsgnima,sbkbhshrzgmejnbuudkc,613,83,42,9,2
yylzsimjjy,fgvatnyiyipjaxxvrfcp,637,71,44,1,9
bdrwhkmbmq,myksfyloyxywotxoouyd,429,91,28,8,20
ekaywutvlz,wwdyyocxvrgaxmjqlwnk,816,35,48,7,5
drdgqzkyyi,rarfknrefhlhqvofjkrd,673,36,37,5,10
upwfiwxyqp,pmljlaedflsoprrafrzz,472,37,21,8,16
byhjdunftp,hukfednxxsihmvwhafow,711,62,26,8,19
xprbyflwyt,lgehczbuovatdqezjghb,774,74,30,3,8
lytbiatskw,uspexmrlxqmhjguikrsy,509,30,48,6,4
jcuudqdvmg,cyilyfphaxvclhzpeppt,349,65,50,10,20
mfdckrkjwj,czwcpbpxeqbaglmsxdra,662,91,16,1,13
mssrtyfply,kdemgqpkivbodemyhnuy,194,51,38,9,6
rpwmczdogc,ykszjmiqhedqgjionosr,334,23,22,9,16
thoguhllyd,xuducxscocslkqnkubdw,615,70,14,8,8
rkrfjermhf,eoosnsyevsqwryuyqevv,342,86,14,9,2
kvcocktdso,avvsuabjbcytodxajjjk,599,50,39,8,11
sgqosykwmf,ngfqejuzfvnzqeocroug,359,88,13,8,12
lrbamigtdd,lrdxxslthdnfybhnphai,286,54,50,2,13
yyjfkegylz,ukqtdicrbdgjtyqrztbo,752,30,15,5,12
iljawxpzhd,cizjefxquafzoeqtqnvf,455,76,49,2,2
lwjxzfykjk,wqknqbgzhokhttrvpkpz,942,78,43,10,12
bsfabdfbfp,jeihncojrjyrsquriabv,460,83,13,4,19
vssqdsbmtt,haocrflflgscsimbcxnr,418,60,11,3,7
obuscgldaa,caachpdogxvmjjxpglfe,524,70,23,4,4
dqrqyxawju,eujoyrvqsxgnlngjivuq,167,69,13,4,14
dfrllrvevz,dwnniqzjwxthzvkzkvld,465,52,19,1,4
nwerlzejvy,wduiyjahjlmvgfdsskni,863,71,14,4,11
ryvqiuxrqx,cejqigkmsanzlxwpqzyl,326,48,46,6,4
yxszrukfjl,slgyiloqozgbflccqqsp,598,55,36,6,9
ymdrywpkoh,qcdkzxaqeeejilmqykoc,493,41,49,1,17
yerydjtvss,pisovjdbkomjsazslfwx,564,49,21,9,2
ywdbmhzizq,cdlfqhzxbtdnhuvzcvbq,883,32,33,1,8
gwgipcretp,rgbmhkxdbjjdzdbbsthz,789,58,39,4,4
famhmilyfr,xblrknbciinewlliewyb,432,98,19,7,11
vpvnshggev,lmonagqoxhipdpybcyxj,238,53,29,7,3
lygyphpmlk,cplhiotezbjslvniiywo,211,14,44,7,8
rlvvgyqmur,gjldxawekunvhlmpaxqa,600,82,14,7,20
jlvydzqiob,fhqyisdjqlgkucfsgsjm,905,22,49,4,8
jipnqbbmrc,pwpcyxpaelqjdcmymibi,141,20,50,5,8
isobvnodmk,itacnbcplbywbkuatwkn,654,100,35,5,4
epghjiiyez,jrtbefmwvfddbzamyfob,869,30,13,3,1
nicncnqikp,qhoqmcpztkdmpbatmjjn,245,31,40,8,18
pobqnpeujy,xhrstkovkhuesdojbqur,440,44,16,5,4
vvapmribrr,jttegcebuhiwijotxdkl,151,87,48,9,5
ypxumxzodc,sznmsssdinmivdcertij,180,73,14,1,16
mbavlwontc,kzfyblvmdrvmpbypqpnr,265,91,38,9,19
bckzfybclp,pibgvcvzieuhxvkmwqcx,930,23,46,6,7
yqvxiwpywt,typavdpshvlbmjrfapfs,270,66,19,2,6
tvmesvfjmx,pkunmhguobfkqwpzsoge,564,90,13,8,20
ousyrlquhk,ybcvjkjjocjztfuloqeq,997,56,10,1,20
hrmcrnyymg,igeuvvtpogzhbvqyrvfo,430,21,43,10,3
nkkppanotq,ilrfcrziygkedeurujac,488,35,31,3,16
nfmabdwguz,bjnvolbyuegvjaaebhrk,787,47,38,2,1
owkqbbjfwd,ksubrbskmozlgzefjyes,439,81,46,4,10
cvclghmnvr,drsuotlfdnlmouwzppff,702,63,49,5,15
miomivjjsh,udpgwhbsvpxsjumzhabi,630,37,26,7,20
tkuoqiaowl,ujiehmrzzplzqfyxcmzm,781,70,21,10,15
vxggcjkrws,dgsybskvgwhhxbnoooqi,113,35,14,5,13
ztlyyanhhx,ibevhuewqyesojbasuad,220,72,36,8,18
vbjgxaeuos,bmpcibsiabwqyxgnlrxf,779,83,37,6,20
hjbenbupbf,auryqcrdfdjixuxgoxdy,273,91,47,8,11
wooefaxbwp,sjslvyfbjrozsxcysirw,917,13,45,10,13
sltfgbavbg,fhafewpcmfjhgpvuwwuw,828,87,23,5,18
phhcykblgc,jafxkjryduwgdcqggoox,550,17,34,6,5
xbsdbfacob,aozckizflpntdsbmuyhz,163,58,40,1,1
nuovarzhoo,dlnybdltwdemondaddpf,294,13,14,8,10
wrrsduzhyk,fmdyztyvtcpcubainmde,456,17,18,4,19
mqoidbbiou,ynhxzealfthzzfqbxuum,657,15,35,7,1
kcuqfqggtt,bgckowloxddtzmnblmhg,909,60,28,10,4
dqdtukufpj,esrkbcsbpfozrattldcz,314,15,24,7,7
yvqnuiqlaf,avjcfnvqnxuucxyfbdft,624,82,16,5,2
bzifppzesd,tfabdekdnmhpktumcico,943,59,16,10,10
nmgvgkolee,ltpnfdwirfifynmpiodi,360,45,37,3,12
pvnhkrcsuq,snmgpglcuqswverupqkv,291,26,32,2,5
zscfynonih,ylkjownbdhvnuflysphy,125,53,34,9,20
fthxsltupp,oantpalxvoidqnrcxqnz,373,44,34,6,6
aaicftxxxm,ilconronrrqpxcagsyuf,198,32,17,5,15
ylokaklghi,xnjzzdgrznxyncndgxwz,762,22,27,6,9
vjkyrenewz,azmxktzgboflxmyvawgb,786,30,38,5,4
toolkdsxgf,stmioqwwtflikidrqyvf,275,32,33,10,6
qufbgwxkgs,tlilijthexhzldzczsmv,324,29,41,8,2
mpsitazksg,lykdiutzdtjgdfggwjnv,526,71,44,7,14
ciowzmnpuy,kavbudqyehyaegyjrteh,172,33,42,4,12
iqdzxtpdat,bxhpphxsleyyvqnhiffx,152,14,23,1,4
nhgnpmteis,adubvmphamywrxytujfx,231,47,25,10,17
vdvrvwcbos,ssaqsdeeqtnknhefough,667,74,13,8,19
xuwsegesos,wtgnjejqsmumwzrfqkjy,920,21,36,6,19
mptrfiswzh,whgfvpexbwokdmdmbotw,301,80,29,9,16
iyzglagptb,ixruokpdpaeouxozcvbn,673,11,16,1,20
zmcxyljkfq,qdjshrrvjemqqcxvaete,565,72,37,10,10
xilrhlwuvq,kghyqkewyyoslhgjrspf,249,10,23,3,14
utuxfzmpoi,ftbnmunhhlidqlzbrwml,518,100,29,9,15
dponzhouqt,zpsdjmbsdukdzwcbpcna,712,29,22,8,13
hteuskdxcm,xuqofkapfqystfmbtjwy,312,61,16,8,4
fmhbcuhrzk,wfkxeaibiydlieqdvqzc,206,48,48,9,13
deitgdnznk,uhzbebblvhihrtvfnjxz,905,80,37,1,18
urcxifkqij,iyilatqgdoqvqlzwzfza,853,31,18,9,13
ejcfxtsmhc,oyzarjvyrrsjqsiipnts,701,86,49,1,6
vvdsxhzupp,ghtlrmzexjmtqclquuzf,319,56,48,9,2
affnlqcpoi,szonlaeomaxupufnpiga,726,49,45,8,13
rgizbyndxk,pswsfsykojuwbehqxouo,172,31,14,1,18
xigmzgsvaf,rrlwiaqvrwzjfucgjsmd,528,60,28,8,10
nlhcrvwqus,bdriprmgkkwpnppbxazu,489,81,19,6,19
qdnslrfwun,drtjyeblqwksedwxyzbu,844,98,36,3,8
lbsdzfluyq,vcifbqnqsyxhyodxopmr,167,70,23,4,20
qrtapgdcqh,proeqrjjkenqjpquteyk,333,65,10,1,3
zilvryuxcg,vhrbirezsqqabmcfvzvt,583,86,17,7,8
skaijqaqcx,fkpgjivrtgxghxaofgmt,802,42,21,4,6
uoidhxvwuj,lxwmsyrghuzwzgopbzxb,539,21,31,6,1
mncabzujvc,okyolkwqvbigdzifksae,707,97,19,2,20
lubydvwrrk,uaqrzgsfoxsozivfjpig,980,86,15,2,19
yrjuynwydq,nzemebihowlstnuazzwx,635,45,40,6,11
yqzwowkehy,ebetfmnenicocceyrdby,766,66,43,9,11
zrzwxvgpte,daiuuulvvymlrkwutwfc,230,67,39,1,9
jnbheyuprp,bbeempipxomnezwuzdfc,722,33,16,6,20
slamcrxxfa,qpkhioumvfpcpkculptt,658,38,48,3,6
mhdxtrjkyk,dyofwgkxqleevwhlscyu,505,37,46,10,20
gbxtotnaek,klccmijwvuxhanpnarbh,612,96,35,4,5
cinguavsti,szjsiizwmhfhdrscgmdi,109,63,37,1,6
xlgpairddy,jdnxcolsftaoxkoosuxh,762,94,27,3,4
smrqeuarjh,ddfncxztdrhudplnqape,978,65,38,5,4
goqklznzsv,xdhorukazafmaxogpylx,400,39,41,2,20
uoxgnjylvp,qepkznqsmkzlzocqdgui,248,71,20,4,3
nmvgsrzdwo,xzvqnismvcfxfhqbamgq,610,97,39,4,15
gcskreefhu,cvlicewpptjwiagysjer,157,23,16,9,12
kmgbueipoh,snzyozjcosbboyddvtor,266,91,44,1,12
lukymftqrj,ylwqgopnlzrlmphwkfnx,542,92,37,9,4
cjkckrpzfo,qlfegxnsbdtvbdfpxkgs,996,81,29,10,14
ebroranhox,pnrvhymkmnptsotaqdic,834,30,33,9,2
bbzxyrdbsr,sxaoawdtzglphamwebvw,275,79,35,4,19
zkyczajxvf,vrvagaabposxprffklvd,655,16,31,2,3
qvmypxoiob,dhjlnolgzuewvyetntiw,888,84,30,2,16
tlhdvrgdns,dpggnwqhejtwbzkkzyyd,789,49,36,10,10
ksgpqiwfgh,bcdgarmiaqldlarqpwnx,888,93,30,7,18
dfcgeldkui,nuvzdxhuhsvzitclswow,884,66,22,9,4
vscrwpjdui,ilkrrrdqvtrxcxersecf,371,23,11,10,3
ovfydqnnbt,ylcwiwdkcdzrxevbvlwl,424,18,11,1,1
tcshfknmap,upopjsgdnmbrletllocq,464,23,46,6,18
bdyxvvddzt,xctfieqiyrbimqmqfwut,155,24,30,9,4
whugessgyz,qsdvfcnfweofnhkwhtkm,204,97,12,2,7
mixldtfscu,ibwqzpexsemaavxcttiv,868,86,14,10,6
fjyyfciayj,cvsgpdcyrvyfepvlnuce,493,74,10,4,3
ecarvsjbyu,trabkdtznbroboggiofy,670,88,49,3,1
vkfjjxrshv,xuyqmjjtavhkonfsilmz,137,29,19,1,18
zpnopkfikn,rcpfroagbwtavhyvwlsf,664,54,47,8,3
wywdwagjgy,plfpzvxqhbkbcphvjutn,433,67,36,10,16
ilskvgwuou,mikeavsewjiozxptqtde,688,29,36,9,2
wxiwbeumge,dzmcqervkmnurdsuwcss,191,15,30,6,4
tguwoqjdui,wgefdecondeeoiecneaz,167,42,44,1,11
qzijmbyxpf,ofisjsfnofuanebnookt,871,55,38,4,15
rswbpgnlyf,zjgvjwsbjgtlzktbhiis,110,65,39,9,19
ztvxflewnc,oaphkifkwzcltjkxjbsw,841,83,13,9,19
vgroucpxhe,mzmqxccdqqkqbpvtqdpx,616,25,38,6,4
dnqcgyjzop,hxpftdzfvmtmfndfwehv,778,51,44,10,1
qqvkrvtclf,zrbmnfkliblfeafrwzpm,477,89,36,1,3
vtuqxeaudx,vlezrggiwnrypmfajcrr,722,36,31,3,13
hrpswrxclw,hpmzjqnusrhfjjgviern,886,53,29,3,15
dejbhfqbfu,ibmevgplkkzqysaqgygm,361,39,13,10,5
tebcivspau,ujftaqpjwcofajdoqicz,986,57,29,4,5
bfrujkatuk,oovljzxrencgcdojzyal,475,27,24,10,3
znpklnfxtj,xpiziypvzzxgbsfnhjbf,492,84,10,4,5
upuinagkee,paeypfivijrvupadvxbp,742,57,49,7,7
rueebzudce,xlyxtnwdzpyjpssdnttp,142,61,31,7,20
uozeripamo,oapfiziqgmgcposxbtsy,466,23,37,10,17
lqtlqpoidy,fjxghgczmnnjnrnakgbs,660,97,46,8,4
jihenybrlc,veokdvmqmafribqqvbqt,468,52,15,3,4
glzukqsxri,pgxlodgzmimulhyussqw,214,65,36,9,17
cvvlxvaxke,xyhapormdlccqrlhsmyt,440,18,38,10,6
jmiqscaoyt,sxfpcczehysbadmzpbpg,755,73,44,1,14
vizlournra,bvvaswvlhquadnptcqpo,751,87,30,1,18
fpjzveybor,qyovvytzkdmnsiymfoaz,765,33,19,5,11
shggmytfdn,snqsncawxgkhkpnbqsqr,262,37,28,1,5
hqsbfxqpre,xmehcpcurhivichtizvm,861,19,28,4,20
ikrexpekio,xapclnrdoxshycrqyygr,356,73,26,4,6
qyemtidrnf,dddvgipexzlrsqtsgihh,304,81,42,9,3
xgrvnabmmv,zocljndocrdbzbcsxwey,866,57,39,8,1
kjhyuiqlwu,ccjzkvshvekgekfoxhdv,751,71,13,10,4
malahljaus,qtqsldkbdcjpgzwkvtaq,939,41,41,3,5
waadriptdm,rlvpekydhzmnxtpmjbcg,804,32,33,3,19
velwjtnlin,wgfkqxcngcabvxgwvcfj,463,33,35,4,6
opxobidalv,kzrktngutcsiyveldvfi,585,34,44,9,3
tvbzrnqvlf,ogqzlfwepgkqvmvaiypc,560,24,26,9,14
uixntbrtei,fbstsipeforunsvyojqy,358,41,46,9,8
dhffjpzdwv,iknxrlmmwszbjvitjqxf,718,25,40,5,17
mewqryhfcr,uyyhrawgiugflkygtzri,575,81,25,9,7
pzudmyyohy,lnmqdsyuqsmpkjkioqvb,611,10,43,8,10
etfevkacro,gfjiycoawpqvgocpblic,743,61,20,5,11
ckgagqjywx,fxswsbegshphrytmipqq,676,60,27,8,2
cuztlorfus,iklrhhtclycmfcelcrnb,592,27,14,3,1
hixrakbdiq,klduxshsthrxacafmulb,982,45,11,5,10
zqjlikljis,egxtcsmypxrcmgeffkaq,230,63,18,6,20
fmgvaxtzot,qgovpsdkuedonoxeelmh,789,90,15,3,18
ybzbdfwjwr,aghcujetxqzotgfvvvav,880,27,35,4,16
gutniwjmdn,yvgoucdbwpqpjkafxfxx,681,41,44,5,18
rmewuoekrr,hzulznczjtnruijzjuxt,240,88,16,2,13
dbzpjvkijo,aapkfgtdohzsgobmzmgh,103,61,35,9,20
dzcnpmoqpt,kbhjsxojrcgjhfnmbsvs,529,50,35,2,1
xocgjzmlbg,rrwshepwfnohfocomoty,715,97,43,5,1
gcebvmstha,bxtbdnkoogttjzaijvgb,772,72,49,5,7
uwoxmcmqzq,zlafyxeygcbmpielsoik,641,14,20,6,19
pvfyfmraxr,aebrlxweljulqboeiqct,421,34,44,6,20
exhehofexl,wbtewufafqqqepuqptbi,954,60,34,2,18
ajvxzjbjzb,zzeuxhkpdvwmcxdesbjy,657,70,17,1,2
yzayiokehn,rqbmbikmqdzzmjqcehyk,796,91,33,5,6
lkywprqtnt,rmydkvrmstmfgurmfnat,104,21,12,2,1
mqwjfzyqwz,todszclzuesfajtyjiom,754,22,35,1,20
yushxtnsnm,igthdbojvkdsgifqdjgr,877,23,37,1,14
gxacacbmgi,unjrswflnjyjnummpvbr,772,83,13,2,18
cmxrujirgt,pbdbukiprpbbettdaovw,629,100,32,1,2
lvbaxqjkba,ycqhrpckhdqaqgpmurzo,861,92,13,4,12
yhnchxgyrq,natmgxbdyoxkdocojbzk,491,23,48,2,5
okkztwnoyq,xuwsjklvatuyraemaljx,917,12,21,10,13
gkvcixkyfm,dmpvypujpagmurklmcxc,843,60,10,10,19
uyseoksldp,gznpksauhqovvbpwoqrb,759,53,20,3,10
mwxxmkqkye,lpwbflanzaaqbhijoubb,609,43,32,9,20
lcrovpvdni,pwyubfmgefttotewoand,210,85,50,10,13
bjksasipjm,inlihvwcnfxcyktnflja,580,11,36,4,1
nbdttvazhd,jpjlqaxooyfqnlvgbesp,614,16,16,1,12
njgyvfrslh,wjqzwzyytuuuhoakwfbb,263,29,27,7,2
wznxhoumgd,rrnbrdvjdzehhgrccavf,795,62,49,10,1
xgdcafqgnp,yushmantwyjgfrsfotil,196,10,40,10,17
vfhmbppldg,rtksdrjnvyjuahzykrhq,473,70,46,3,17
xhjsziwjnb,goazczkwfngcnywfasnw,735,48,48,7,14
jtfdptwrdw,vdjaheqcrafebuuanycm,349,55,50,3,8
zqvpxvouak,dwmfvjzvcbofjydkbike,871,53,35,4,15
iiuhfaftis,idmuzkrpwvmhvjpnjllj,864,27,38,6,1
ybzddzfncn,nwaknqqxjsvuxbyezxou,796,49,49,5,2
cuauohsgud,udomuwwhgtxqgncdjfie,719,61,13,6,18
csbizafqus,hylodjvhtigbfcwekpvk,202,61,20,6,20
mcgpectfkg,ypxkbbljdawzokbcclfr,700,50,48,6,6
xmneimrbch,rutlchrretegdgvtvxhj,858,10,19,2,10
rihvyiimqv,wdujtmjsfwbogmnyrbxn,725,12,28,2,9
jgzxlhpumf,rixuzwwchsulntafjphr,898,32,42,9,19
najqwuapzq,ydvzoubhyrvkxzuycvtz,836,60,37,10,12
dlagguakpi,cqahvdqzbvgcegfnxobr,964,53,29,2,13
ghibzmvtud,emvgyadkmdrvhnihpzdb,830,68,27,10,7
wcfhuquaxp,mdgqrczpufapxqwgtmzk,692,36,34,6,18
tpyltbnwzw,mqujshtmnrmuqvmmxjfd,547,59,20,6,11
yejskbsgxp,fpvwrdtmdxyzxcgbctox,525,11,20,7,4
mujvitydgy,jguceksrazswejfsiroy,305,14,43,6,16
gdomjkcjwt,yvhdycfvdtfudnlskouq,178,78,32,2,2
qmnbuatcqm,yyoqakutmnpvnpmdidap,234,10,45,9,1
nnnlilnwnu,hczwewcefimwbrixsdba,898,29,22,3,20
vlzwbcqplj,ydhgjkcxcherdxoothqe,447,90,33,6,20
ixfwlkldit,wjmqoflzaqxowcmbzdmp,982,61,37,2,3
oucobklrkb,rmokcvjjqdnhbhmkshxn,374,63,36,10,16
mqoezeqikk,binavozdveuclcxmaqbk,300,58,45,6,13
ojdqfgnyjj,syyzzbrxawqzucdetuak,370,11,32,6,18
zgjbzlsdjk,krwcyyajqqukdgjhxlyj,452,24,42,10,10
ikdonynehn,ubqzxrkimbopxunuoaat,684,100,19,1,13
qqhwmakwwo,uxhqtexbsgssmasovbem,611,38,33,8,10
iobptcbjjr,beybrvcjkppxzfnesofu,835,91,34,7,4
ycugzqfxnf,rqeowgtcjvyivpiyunsx,593,26,30,8,4
pkyvleojjd,cyoghiiyeyruxzaogsyr,755,95,38,2,9
wfovzqqduv,uyilknuqznofveclxyxp,941,37,24,7,16
vclnvjxkoo,libwijcthovsgnvulgmg,392,64,47,10,16
tkjwrhxoiv,zlufcybjhbzzzmwxldyd,558,14,30,5,20
vguvljcdtu,vdtjupwflrjjgvikmycc,635,36,32,6,19
ehalbohyes,ofjutwqlogtznjadqgyu,112,31,15,1,2
jwmpqmbcbj,pkecrkzqupslhmauxksd,247,31,29,5,17
tcfxhtpjvl,nzumhheokkqtiyzlioef,719,30,10,5,11
lvasovyira,rwrtwsoxilzrheyhtxqf,809,40,45,10,1
ixarfkfudn,eahrjhujqohfyqsqlagy,544,34,18,9,17
pzbwrzcxpp,zogjdcrnwanjfjodclcl,678,98,30,1,6
colwyjiozm,vcaoupftkxphhmrbddjd,954,42,46,3,1
bzctnfrbly,copjqkshjvljplaycizh,566,100,33,2,8
myeflmmfoh,yykzlhqtbyazdoqvazde,421,90,20,4,8
lzegmasjuq,yfvivtrvuhtjlceoubnm,646,64,25,4,12
cbddrovmjj,qszaroigtqpvgsbmqkjw,130,83,37,8,19
zjpexkjpnf,ovsaozeodxubziaucaax,281,37,48,6,15
hajysayzgl,mcnwubeloqnrkabmpdkz,203,52,16,5,15
wiubofgwdp,sxezewnohvxmrtdntlph,438,72,30,1,3
csornddbhd,wzrwvqpnlllbkmtmuojg,955,47,22,1,6
quoulawboy,hrkmqrjyalwvctmmpeev,288,38,11,1,5
yhvwiygrqb,wqjbqeetjxzpllizpqmm,191,15,19,7,5
naulgjehmt,kpgjdbvmyrdklesxwxuo,261,51,39,7,16
xkmidyzjww,chioqecdtbrejnnephox,978,89,23,3,1
tuyvcfvfac,uleosjrlnuslywdyhksf,743,32,42,7,16
nzrxzsjibk,vcbuqbzvkznddkatdoty,315,45,43,1,17
mwnbjpnrtp,mqorhgfkwefrgwjziyic,530,67,50,10,8
memfnkgrqj,vuaiastntpyjfxuovnxs,384,92,29,4,13
qegqidpedp,utvakodbxecbvxjdzxfu,227,23,21,10,14
dnfllisscd,vnpopxbqopkscyuwzfhz,733,16,29,2,10
qtufgewybh,dxdwujaxrdoishdiqfau,378,44,46,1,1
fwwzcnxusp,xpfxuzoivavslxsjkail,772,95,21,6,14
okyrcjkhtg,qavwhgbzczqrthnoaqqd,533,94,10,3,1
kzlpvwxfnq,yvhshksbsatkjlzuycfj,793,87,43,10,19
ryayvoamgw,fdieahxywerwovyexiey,795,32,13,5,5
ewntirkagy,slwbjvawtbaykepbybml,627,92,48,10,20
nubmqiesww,sguiygcvudixnvdiqpux,865,27,44,3,19
dkclvwvbse,qrtcgagrurrlsxitojqe,960,98,21,2,4
rezwefvkwg,nzbvqdluzaywfdvoxcps,936,23,31,8,15
twevnjnclv,omubtjhurdpyoegvtjlq,310,37,26,5,16
dtralaezlc,vjcrenlvmyyqausnusxh,883,70,19,9,20
swsrpphgvj,dytenzrrkoucqgkexcay,892,89,32,9,15
xepjngqhxx,uticdrvmrxlhdmcoqdwl,494,31,16,8,16
ehcubhdusw,etuqhjycaghwhseczyia,929,84,11,4,11
eiqpqkklwl,nlzbbjmvzqcfnmxndpze,238,80,44,9,15
olcvmnsnis,zvcgafzjocmxbekfawlf,880,17,41,9,2
qkpaxyrrti,nsqzbrbjebewuiemgagy,441,80,20,3,10
qrggpuehwz,upcrjfbtwyohgkvtyhhc,599,98,50,1,2
eprnxyoadp,teitynwrlxgfotdeprme,955,26,13,2,9
kxitlxpyys,pniykoctfxsoqukpcdcq,934,90,10,7,4
hqktuhluum,rqanquvfeirjeznvlvhd,334,21,18,7,7
whmekpmkun,znzjajrzmazmxkiwmpin,305,52,39,1,14
nckfuonyfq,famaubhexyzypeeflqrh,488,32,35,2,3
quclbzhfoh,szqyuchrhyofkipxjwxn,200,82,29,10,14
sipzgjngbc,piwaxgzkwwlxfoudptuw,109,39,22,7,10
orvmyoqkmw,bpzreaeduqilqdrfllki,351,65,43,1,7
vglaqkrhlf,jssltkonlaxwrhtryqna,817,17,34,4,8
ytlpcsvgqh,vhhqvsledsashwquddkw,409,69,28,1,6
mhrwhpbtwq,sbtaaydhigofstcjyefz,602,55,31,6,15
qxucyruqoz,aghyraexhwydxfzoqibo,625,63,39,5,8
ygjzdgijix,urelgcevmgvxsyqnscfr,307,22,46,2,11
cdugmtlwfl,ourdkaovbhezhwmdtkqn,166,18,14,8,18
bkzspkavuu,lbpyumplpqwkidtvpfpv,337,56,45,3,3
xkgxfyvrkz,dbfyjiflruqzqfxjqhns,318,30,40,7,8
yffytpazyi,dktrhdlfxgjterkzlsbq,493,21,12,1,10
ahckybwpnn,ywilbhuncatlihaangdt,615,19,18,8,7
eomkxvlffl,qyjsqiryahajophhuzne,984,83,11,8,7
flheabgfxh,qbttbbtnnftliaolzhep,254,72,44,4,10
iohkzdcftq,zfxjoxjqxfggdpgghhpi,847,77,25,2,4
isunembpbf,hbcqpijptbofmumjswsc,382,78,36,1,19
rmjdeafsyc,sfkcypfwqwbywylsyxxi,144,49,23,6,17
zxhdsttuhy,mourfcfccvjugjkwirdd,434,76,24,8,19
zhvqdibzpl,jnxgkhezvywxrvkmhgnc,997,12,24,9,13
tkhbxoyzph,qywpafbnwduwlegnfjjd,462,73,38,10,18
aycwugohjw,rxaslritlluosklegrje,661,66,48,2,4
pefmocyroz,ukxexkdllmzyrjgzqopu,659,74,11,4,12
povxbujyyp,eorexxcjdbtevisfwhsf,269,23,29,5,2
sqcwamvzwh,yvkrwljayqsddnnqvbbs,431,73,11,8,4
hwwxnctqfx,awllronlcwqcdcivlpyl,532,17,38,2,15
dzmsjsresz,xpxzfbpzkkxgsfzuqlqh,992,66,33,5,1
ewczrbgnah,afxucrdechkljpjitzrp,118,75,13,3,5
ildreaniro,hrsfwwnuvohguywdpmum,702,29,34,8,12
aailitwgkp,ywpeqmdbvheudgdkbdip,619,55,49,8,15
ynkwhjxizs,zhqpqszbepwtxmhjgjck,371,88,39,8,18
qvyhkdijnb,xmvvjwfauverdhrzkdbe,185,97,20,9,7
pulovvpslt,zgvoohalmdatjhfmfowp,430,30,46,6,6
opkpsnkzmv,vjtrjdapvnzxhigxngow,121,17,48,4,20
majsivnzyw,ijyvxbbszjzqenrbghry,356,52,27,4,18
dmuxwonwgo,ulymqjljpstqchoennwc,413,92,14,4,16
hpqnxwomox,vffhksevtvcntjyesdwz,433,85,30,8,2
gqaaojjecf,lopagcggyoqmmmfyxkzf,408,69,28,7,13
lbhjlfdzyo,zjxfnqmzatbrodgogtyo,921,40,23,3,5
sawnuqplog,losnjmcqehybhuesrzma,321,30,10,7,2
fuddzmejzl,iibkkucatkekrfwtscoy,255,65,21,2,20
ojzktecifg,tbwxttxyurzoldcvekdp,989,47,45,3,15
kafntxlskf,pjapbbyzdnkhpbmesffx,269,10,14,6,3
eleoyasvnc,aininfyntxhflzwzquoi,1000,88,12,8,6
galinkrpov,vqbfqwszibqsrzogmncj,980,29,35,2,7
mbdmykdjfg,slmgyohbqmhxrrlmolnh,881,59,17,10,14
nyxbsppmvj,ckuuxaiiwlsvfnifzavu,284,45,50,5,18
ydyzkfcgxp,zxcradrrumvpgrerrajq,324,23,21,1,11
bvbvsswncj,rooomjfnzeqgwesbierz,532,67,14,5,11
zzfzjnfxvi,vtybwnwitovkuxwwnbpj,883,47,34,8,2
dooilfziej,dhxmppjmctcjrqpzrrsd,123,20,48,10,3
wiusmexmow,lbttosvefaopsvrtiotn,696,64,40,1,7
ijjxpvzkmq,gfnpdktuwiolvwantmvy,575,82,37,3,4
cnviupbjuc,zovukffcmgfluvkbvidq,735,55,33,4,19
olapuppion,prwbczswxwuyscztboky,333,45,32,9,19
bnztniivsh,vcbfnyjgtqobomsafxdc,840,28,50,6,16
rumoamyquc,boohvfdirtdpbwzccxlh,684,22,22,1,14
qvtztquhaq,lxmparbtrwijnidunltw,789,95,48,1,12
qoioexxgku,utgrdlcixwfnxmeejlfg,559,34,27,7,3
xryoekceeo,fbtlexintspelqmrgevz,450,40,33,2,17
oiawubgeki,rigzbhkprvvbjeadsmks,591,17,32,4,18
zpasdduppk,duhqcysqzqjukiklgeqb,374,10,25,3,9
sxmmixaygk,udjugkkyjiawxigeowwl,611,28,14,5,15
qljapfxzbj,sxsrodshemslmpdexjzm,801,39,34,1,2
vdiguhwvyz,pgjwxjhpepjjiflpvmwg,942,18,43,3,7
ybzoupunob,jwikchujvrqkvfygwmxe,859,42,32,6,10
uqsrbnnrqb,dcqithqxfhypogdndwjk,291,86,22,1,14
nktfkfrcjz,wwtpfmxihzumpvrucqge,877,94,40,10,16
tokurgowqt,mnoavcctdtsnufvwuajx,935,89,31,6,14
whpwfthbmt,lrlbsjbmoafxfafmuxdy,491,49,33,6,9
odimlmdnlc,laniytjwgyrgntmmmgak,796,98,18,9,5
fcjwtvtclp,foaiuqaijdllknugunfa,897,20,50,3,18
bagorqibzq,dlhjfgcecevnznwuvxcv,243,12,15,2,16
vsbkxizsnh,akmpcgrunjsllhdwhlsm,760,78,11,5,17
lgqvhdzqtw,yekesbxfjynswcjjjxpx,121,22,46,7,2
qrikneqiqn,ccppemoacoskgxxouzdc,960,22,26,8,3
sqiljgfnvp,xnuzcufcrnfmrjwewpxs,475,60,46,1,19
wirqtmuqcy,anfiflbpbfwgccoikumi,933,52,26,6,6
sgnzvfacjr,sgzmrdpijbmrnhbmcfao,260,72,46,3,9
ffsfncbqhx,hkvbtfrwpnwzfvcjsqyk,807,10,15,2,14
zkybvxnzmw,poewhkkmwsxtsfcymvmu,642,82,32,8,9
lotnkylxdo,yiuurpzqykaexenvkudb,777,53,19,8,3
ezjwjwetdo,pmhrvjucnjigoazyvaka,417,63,24,8,14
uphyfwovnz,ajbsggixvsfomrvpkyvd,287,24,11,9,14
yfoqymuxgc,oyoqqzafrglgkecdxulv,504,87,23,1,12
hxqozlcfdy,ivyqrmlaguwjfpviwpiy,840,97,16,10,4
bwuhnmtabz,cdfflajusaeeapgrlxoi,426,70,27,3,15
nfsrzmcvmr,vpcimkjtqfxminhtxyle,139,57,27,6,1
rshvlfsujl,dvcutclmrxrhienqnmdw,138,50,11,7,5
nbdfzpgdqz,oktztibwlzekmbtacimt,281,94,14,4,2
pxgqbsxzij,tixzcfoqwjyhizttffyt,639,61,21,3,19
hkepsevopt,eqisoonownewvuodapxj,880,53,11,9,20
kqrwoifjhg,kpocsdtaybppcjcegzqv,655,50,34,1,2
ygraczaxxh,silljbpznftromlzpgzc,727,11,45,8,5
gkykacqxjl,tfyhnigjaqwrpsacrfky,751,18,50,5,3
unpxunkkyd,txlzfkrawzmisjkzcplf,882,96,31,4,18
oijwxywrqx,sjxzgdjddkhamnjmwkwz,975,21,32,9,2
rnbqyggpqh,nlgrcmqtjnfyfyopmumt,658,63,31,7,1
kjjwxkzbsx,atgalyvjwarrkexirbim,530,68,17,9,6
opmdqbsnid,xqephgrettjrixmlzozw,921,87,19,9,11
pkgxfuyavz,hnwpuebeqaqequgzevqt,804,67,45,1,18
telpxwbkty,knbmtmezysvgxgczvntn,273,93,13,4,13
vatownfxqy,euzmrxzogimpxkpqtdhe,363,58,20,1,5
tgmpobiekr,cryibbrpjlgfxftrjwza,346,11,17,3,9
utzkcimeuw,ciirzjanshnfjrijtzbr,670,41,15,6,8
dmurdhgjjd,ytslxjxqgwlkyjiuqkbc,960,61,15,10,5
swfawkdohd,zpppdogzynbyctjkaktl,805,55,40,6,9
xfcukhdkhq,nmujmkbfkjjnisoirgiw,634,68,15,4,9
rctfvtuabe,jyzmisrwwyqkpwfbvoba,474,45,33,4,8
gclzqlpjzo,qyrehlanniunpjpktjvs,593,57,30,1,3
wyhyiafxai,cxwiieiaknimhzwhjnjm,592,50,16,6,18
civhylhtfg,kgzkbozpaqedvelzqecz,914,74,35,1,18
txptiddljs,ccjmistukoafgvrjvqhj,908,27,39,6,10
vorooapdfc,ucahdqmjufcekobzgkki,926,20,20,4,9
aliorvqjjy,yqshulwwwtqzxkhyoruh,313,41,19,2,4
zinyzykpgz,nkpaiszyzklxjeavdspk,800,51,42,2,13
muawoibgdf,zqsqcnpsxvveqbnfdxmn,720,80,37,3,11
fvaxfayado,heaxilpteapqqjqrzktv,807,58,37,8,14
slviygsyom,etdsoyqactggpixengxa,990,96,18,7,12
apjezkxlit,xfuclqsbqeljfkudhvtg,162,16,18,3,15
vtiiqzkmhe,cuqaxlezlvzubuqfbkes,409,40,24,2,11
kzkdezrdez,fiibrjdatmaorihkjurx,615,34,22,4,4
hmpfktiekj,ezyoqrntpbbnfumilsyj,617,20,39,3,20
czitneatio,htarzsbnhdbfmvcrkzkx,125,40,15,5,1
dpvomuhuah,xbntqocflfkwjtpeklme,890,22,25,1,5
ghxpikllzd,gdknukjpijeyhbqnxyef,959,88,30,10,2
cpldypwbob,goiayspbcjcnwiqmelyf,478,93,33,6,15
ysrkypjnrx,ozatdetoqgrdaulzecoq,216,80,11,3,17
deyeqzkbio,ckzyqyfqrsxkobkscakz,427,61,40,5,8
jjzwtlgtyx,yzgwmtfphozfosqroupr,108,53,16,5,19
axsmbtpwlb,skqvlilukmrpnnvtafkm,992,65,14,6,10
nrkotdjyzr,gdtejuzfochkqomgojqq,980,92,47,6,17
nlcekmguii,jdwitexzzhgqbukpjsco,968,97,50,9,19
yxjmjirvco,eqrilmokibzvynsdkiyw,305,36,46,10,12
vbwtiasxdz,qjqnuyvqacehasohghxk,469,81,23,4,18
ehfzjohamr,fnhybvhbufmalsfmnetu,536,57,12,10,10
kktbngputt,tfywmtrirzkujydezcmx,119,10,37,8,2
zlqnxohate,vsyiieiaiydpbonvwkac,102,85,40,3,11
tuqiyqkywj,smxxllzpbktkjbhxqfaz,310,51,42,3,2
rrsxnttmmr,rvchcsglknuaeeobtnxz,412,43,14,10,5
rcqvbribqr,vbzpiegbktecuuldczex,652,99,41,6,18
rkarfctfta,ubbywitfcidclhlnkqvl,951,31,49,7,4
dzxrotbuto,jktaxwvgqbvdetynoosk,619,74,28,3,18
xpkkwvrxlx,gjxhzhhotawwjkdvlimm,906,37,38,5,13
qyzfbbegwe,tgdpswddhxaiiyjoiknr,303,64,48,6,13
yxpppirlon,xuasvwphzbpxsmzceuoy,647,74,14,7,17
xonmqzsepy,zubplpgplcnbcdylivxe,527,52,13,8,18
pfgrzbozns,rpmfhptuxrygbhmgzipg,127,45,31,10,19
nlqkzebsta,vtoakhdeqifjxjgudolt,830,78,14,6,19
kemsqesfuf,izwzupwsjfbabiaxnvrx,303,86,18,2,17
nkpffzajxs,jhkaakxjbrqtrqqhtflw,848,57,44,10,19
tbhhvysetz,hvjmptkmhsilmwcajhbw,873,56,32,2,3
vlchtqllbh,nkulpkbeousrbkxkxlrm,725,65,34,6,19
djtooisgic,muyzdiwbsdimcqzazkqy,194,84,37,8,5
ylvidykdrj,pfmgogloiphxpptepntq,470,20,19,7,4
ujdvwdjptu,fuhhiandjgkerdizzqpz,493,62,34,4,12
ibmfibczes,ndherpdebearpmxvbeln,112,48,29,3,11
acgmzxigwu,gxplcliaxxkqnyjuatld,436,76,49,7,7
jdjgauytph,acviqodaakkoegdiiayx,566,35,35,1,2
bbrvecdgju,bikkyjtyfcphknbgcnlf,599,77,44,1,20
axekupowij,oluvywsmevlqpxcnvfco,280,11,21,6,18
kkunjgpufx,rofxllcpwjexgxgwdywe,904,74,48,8,14
yowuzporai,naaqgffwzlhumadwqsdt,538,86,50,9,7
axetpdqnbg,gqrardhzmitybeaifqlk,428,59,29,3,10
lgxvmhrnfp,vzvxohczircjyhkhgbcu,891,70,13,10,8
stbzusbcls,zhrmymolfsxwodaoyrbd,816,38,24,5,18
esainembwj,qdsvizgsyaofilmejoox,203,16,34,1,12
kspcguwlhf,asdiqujtjkpmiaoafore,615,91,29,6,4
eeicpixxhu,awkcfyaoeysyzutsusux,791,80,42,4,8
zoiafrihuj,fvbhbpngdgpjoeccgpha,390,62,44,8,15
mszjghkbkn,yqbfrhdeegicmlsyjlug,636,20,13,3,5
zfkjbnsous,wuwlslylhnllnqpmwhhl,121,35,33,6,9
mmzlviegui,qbyudhybzzpczrdswcfm,920,13,36,10,8
nqiizgwwrq,dkvxtkvrcltuzppqbzfh,895,52,37,10,20
esmhyhsnnf,rcxojpuvdrcfyqlwpmey,938,45,44,7,19
agormbytkl,rehiyfqdwlljtqkbgxtf,771,61,29,1,5
ykkjqcgmfz,nzoxhwfxcjiknvbdcqxq,379,98,16,5,8
rsczttqsxm,njfzhpbkmhkecxnkuwoz,272,68,49,6,15
gextticbkj,xaglrlyslblymfdyhmmf,718,37,41,8,20
zqmfccmzlm,ojdbivyazfkexifmryvd,247,66,41,9,10
abgfgehmjq,zgnfzcgpobphnmnqahoa,226,31,30,8,10
esmrldyejc,ceebzofndyfsqgmruluw,256,54,14,9,3
dkpsdhgxqj,rrpbojmzxgahavjunrjf,666,51,43,10,9
yipyqadjov,nthzgfkgguorldlpojfv,139,34,16,6,15
eumeetffiu,xicosuolielouuxtylht,400,84,44,1,10
moacrbkvnm,dqgytwtajrlactoamccj,369,85,21,9,15
gjddipverm,avbisivozsycsyzlzfxj,144,30,48,10,8
rcufanjhem,qsbxiwrvowbttcphtcgm,516,55,18,2,1
wvgjizzxuj,ntscyebimrlssnvdzmaa,947,77,37,3,7
qiwmulbpjb,qzmuztkjatikzpypgzho,223,75,13,4,17
dmrervkxdd,fddjwepjwyvdsgooeaaw,367,44,48,5,3
pqctcjxdgj,ehvxsiegepfjfbqftulj,709,24,50,5,11
pxvpugciah,niacaopdrzwshqjgquwi,284,51,24,5,14
undbtzwwom,zxhahoyzuimjnutrjzgd,271,76,38,5,7
tcwoccfzuw,jkyumucxgkruqtcigfhk,116,38,23,9,13
mdapvojfas,slskgisamgqwqbvrugcn,859,10,22,3,8
tqjnvwpben,mhymzmndzazlpubgxndg,848,48,22,10,11
qwzxmpflpq,xhfcbaqbufihvfaewcjz,995,35,23,2,6
suqcokmiqs,pfxbbahvmwvhtzcqpxsx,398,77,12,10,10
mehgpsaayr,mmkaiagryijhqecdtsbo,413,49,35,1,3
lmpuxhwbpw,mbtradiovxyjprhvhgoh,313,78,15,6,3
xogsggpxrw,gxzofymejripissnotvf,724,57,15,2,14
xsxfkiagsp,rfcuqvmjanmckxjuzppf,721,40,27,4,18
vyteiaehqv,nprwogmesbzhulwuzbxh,400,52,25,9,11
ywncfroapf,ssrgtzphuuwkfvppudbf,922,67,23,7,17
vrxfwtpvvk,udlnxzxsnamgncybetvu,724,68,34,5,5
ujdeyffnrt,nqwfupokksbiifjmcvpk,331,61,49,2,11
ugmpyqzzjz,kjnmmwxvmpuyfzxfmknx,366,99,40,3,6
vpyaiidzdq,gqgarmibzodtohxncqdj,815,43,32,9,14
ipzkdguyhh,blridnmhosvjnriglyur,448,93,31,10,5
qfvzsrlchk,wpenbmofibnriituerhq,357,48,27,6,17
eetieusvfv,ldttmqiixgkmfyckrnug,175,90,46,9,18
wndfyvvgra,hkmarlolobhblupncifv,443,79,38,6,18
ahkhljaggu,zjwqimdgwgluwnttfkpy,566,57,46,1,14
iifwutszdf,lfiqsafbkbtuqljdjiid,931,53,48,10,7
ieffmskzvy,wkucvgvqocekgiemvhei,587,56,35,6,18
iczpoohqtb,anlucxzvsxwwlpsryczl,124,95,35,7,18
ncusjbcecp,rhhcogpsdhhyjcjicepm,411,38,12,5,13
rkjwxkdjsz,rbedonjbvrzevjsipgva,905,36,26,5,8
mxzjyffrvp,kzgtjnoiucfqwdvdtxtu,644,71,18,4,15
nhlmypfbon,kvgsiaeiyawagfpegvku,720,52,50,4,4
biylvzsqmj,fgwzeyumeomxsigljivt,228,100,47,8,12
yedjbplyga,tquxumlkmaqggqqzegsm,121,74,44,6,9
byvhiertmn,yioqogrbbmpjiglniuvp,803,35,23,8,17
hblgheaddv,uvrnjlztoarkmbhoflfy,272,95,25,10,20
gztyhpddna,ljclitiyzyrqpenzikxm,795,23,26,7,14
episemniwr,kvuwprrusswfmvjpkuhj,749,67,46,2,12
vqwattyper,tfywylxvoayzikhbcfeg,723,77,38,7,6
kejxeukriq,pydbxbyvnhcmomqecqia,342,73,28,3,1
bgnaafdqcz,cxyrhhpdshmdotiluhtn,266,11,27,5,13
xvuzgraqvg,afigojbeauqfmfcyyykz,620,41,40,7,16
aleagexuel,anhmcntrvbcgpliplawe,898,82,25,6,17
ytrmivqfhb,lrtihrxaxmxvtccdsfuj,573,75,14,1,7
vasxslcfvv,tirrftjmfxxdcqtmoggw,385,53,42,4,10
skjddiptgw,frrqztyogzgdqbiypmic,764,64,33,6,3
rcpfpmyrti,rqkudednxdynzcqufpmb,840,15,24,1,3
hjijgvoxuk,rzypssymuwbdaxzswnww,523,48,19,3,19
knjdquimjx,nythrzlxkafjkgmgfsql,213,30,33,5,16
thixwzdfqk,ustektbjzqsuxxaoxznk,799,94,31,1,8
xqqodcrpzo,jianmphbhqvfnazjzlqi,980,48,47,9,9
huxrffrfmv,tspkbfduzwcpjswitxla,809,16,31,3,17
jwpxrwmjpx,cdurlbsxqxfzqkpxwrmk,203,32,20,8,16
ttjuivqvqa,arihzymswzxtyyybnqij,974,53,27,5,18
cljviopxfk,lfjuedmlbtrnremlfvdj,686,25,33,7,8
ujyoavaogj,rgbtatokxmqgdsqhsqkp,200,96,32,6,18
fdxidsgzxk,jcdpsfuyznggzmfwrcng,913,87,39,7,7
ddomnxhrif,catlpjrujbptnrgeupwc,264,26,50,4,2
qkkwqicgfv,wlkzebjnitbbjavfgreh,664,78,20,3,7
ftsxottbie,kaqapwniugovzceznhot,151,35,49,3,3
hisfdykeyd,ovgmqcpfdqmhgngkkyhv,992,44,18,9,17
vgqfdflsvr,dxbiyxdbfmloefujkdta,641,64,28,1,12
uzyznfesus,cmndzwmuoapkvqgnqetc,508,21,50,7,9
rosxjdytjt,karaawjwqtleisgqhikq,207,19,47,9,14
nbhqnovjee,wfmnhvzuutgfbsculdlu,828,92,28,2,14
emjyosqxqs,ivtkqgqqfyrxeffnckzb,605,82,45,4,4
abfuirfkhd,ujtxvagrghrcftfddfto,172,38,24,9,19
bkiiguithr,isxklzwzhbstowmvumqy,785,29,16,2,16
iwcirbnrqy,oioqmxqlwmyhhgnzzrkp,382,12,29,9,17
sznqbhttqw,zqocejzourllhzgtulqt,748,25,20,1,7
ulerxhyatc,jvympvhkxygqjkohnras,704,51,36,3,16
tjfhhzrubb,hlebfdgqfevjntdutrfj,709,70,49,10,9
kreledkaix,rwukikfkbklkcedpkthr,157,59,24,6,8
gbbhuoolkq,msllyehnfvznebzctatd,139,60,21,6,9
jouxwtmxqp,ngohgdohtswrgviqdovk,748,83,27,7,10
lspzviqldz,gxfsbtevsyvmshftbfwb,381,27,27,3,5
rmeobcnmjf,khhsnplrhwaqflxnajsu,107,53,46,10,3
usgfghalaf,tzopnzuaikvodvhhaqal,382,64,19,4,18
yxqeyifwln,qdcmgbkcdaahtymqyzzy,868,70,17,5,1
asanppldaa,qbsvskbfqvpffgthsfmh,481,63,48,4,9
vqfyelkicv,ifagfezaoslyemuczfzu,538,19,27,4,7
bjsszmofav,aftxtastdawhsehxknyd,436,35,34,5,13
grpkqcebpf,mwzvwtiyqbnqjdcvbqii,868,68,15,4,16
nkdsckxvwq,hsjaxtyhdyptwiyjgcge,444,96,35,9,5
mgynutvrff,mknllmlvheontoscpiln,915,98,23,9,13
htvhlyuqzp,qtmnjtkkfcllbroimxak,576,84,26,1,7
osxscdymxu,khecmmafrhpdrhshzsze,453,20,33,5,2
eyoyhrgjen,nhshtzzccnqbmbldvffq,866,92,33,1,3
euxgpwxtxy,oaqpsgxitijdemxcrlgb,620,89,25,10,20
bbqdfkzgbx,oshpxmivankpkhfyokkz,820,98,38,10,15
tiyfunewir,mtkpjetmevfvswkpgjft,704,56,35,10,16
fcjwokxidj,trvwxcindtsgpxnkupuj,715,83,18,10,12
tpoejpokyd,zjrjimrliotgnegulahb,539,34,45,3,8
ppqggzllht,txbacleecdbfdvyvajyu,370,23,20,1,13
qcznfmjjtg,khftbcosfzbawwqajatj,553,51,19,9,6
igekxurhss,yxwhuhczrfwonytehmdx,717,93,49,1,15
auuiviiill,rkgjdulyxpwxpszcqpoi,321,75,34,3,19
sfuuffpqib,ljkimupybzcwcqsnqujl,777,56,25,1,9
htvqlginsp,qykvpwcoduqoyajahysk,404,59,36,3,2
cxnzwjmzsw,qkbzwpiyrnyhbzcymbft,170,35,31,7,5
nvpshiucbj,chgbiijkljkbegpxhzih,809,73,11,6,2
otssnqvvvl,zxngrgedqetausxgoooj,856,53,34,2,11
ipyigedqeo,qdgkpsgyafplzfsyzvxx,846,92,11,10,1
zpnquqjibs,laepypfkobxlnwdbjlks,410,42,26,4,19
jfvoqmmkox,lklaqlxgjgkxvraphfji,142,60,40,1,19
fkrfjdvaxk,sdvxaqszbtqbnoobmsef,135,100,28,6,11
drnvzmfijj,fenujrvjdnpqpgdowrfp,735,49,36,2,14
lprslyhbkb,spddheqfduqxfoiofcgo,279,89,49,7,14
hqlnvfprqe,zhvopsvsmxyvepnbezlx,322,45,13,6,2
ksixlyqqct,xvymcepdditufwnjnsix,451,91,11,10,17
btppmkthsf,vemuzhwlnbtfqwbdglnq,627,41,17,8,14
ylrwdiqoqz,rjrqrynrgjxlwjqvnejw,496,16,10,6,18
kokxyldzyd,akqilylyjblvujvlhiko,814,84,37,10,12
sndjodeits,mhgtxxhnqqopcqvzlfzh,953,99,19,3,6
tnwdlhrlbe,ejrpfblolhzuwdbhhrgq,797,21,26,4,20
ncatsoijoe,fumwuabpnmskagefdtqm,127,54,28,6,1
lmmlfxxsjg,vezglbbehjfrgsucfowe,848,71,23,5,11
kdxmtbdikb,wkscfhyzbtatfprvhaeu,453,28,18,10,15
cpzkmlisbs,whgbgtxibxybiwhjuhfh,869,47,15,3,18
ccraiyxunc,jjvtlxwwqbboimvsbcto,510,69,49,10,10
tgduwcawqn,bgjtbfewbffundjklpqm,950,28,33,2,1
vdmqgetvir,dzchkvynjklnbqzgkemu,997,99,36,8,17
gcevftxghu,mczqckiauwmoaebnhfsn,486,59,24,8,6
oyqpmdvsko,vgxqfqogvezmzkdeyhnz,836,71,18,1,2
jithxcudpi,xobnubfbdropqsrchhfb,235,84,26,3,16
kigsffpbdw,entqbeojgzqkpdtmrtou,889,51,23,10,8
imgzsdafxn,ztfdcpeshwcfoivbllnm,195,100,34,6,8
nzgtcdlilh,aprlcsbnvmnkkzhlwvbf,398,69,47,6,8
tbqyebnvin,wylivzdktzxlehxavdvu,378,75,14,3,11
sbqpuigaat,luteidgrlremjdiydpva,139,19,26,4,7
ofefljdsxy,urrjnldjijjlyfrycaal,867,37,14,6,10
sqjowezdch,rpepeyswvzbcrxlounlf,529,79,46,10,5
jlmztgoreh,bwydljohfvjvszfwlmou,221,61,27,6,20
cchvbglicl,soxoatqmsgdofoowxhgy,546,69,50,3,1
emcjpnnkyk,flgapwseuidpzvxeqyve,558,73,28,2,13
ysrtrdblmo,tuxrtcizhkqaomegekib,940,31,18,4,14
tmnmgrcayj,mumhbaielvtjcywhcuyb,148,90,35,10,18
kvqhvjtemi,oukirzekstxskadqxpkm,756,51,44,7,11
yrseiqzmvz,epodgfcyexjsgqqatgmq,310,87,34,3,14
ukkoqlkdpm,rbfqqyqngbvcpxoizyhz,760,79,17,6,17
vldrbvtsbc,dayuuzwmerwcdzmfshrb,398,47,31,3,2
mezkghpqlx,xblamrgtmzhwgsyyclng,118,38,43,9,18
hbbkzpcxsq,fprzfcuifgklsgfcizuf,519,14,23,1,2
qvajetfvgy,eyimkffrucgpcngpokkl,175,99,42,10,1
bufiheeefw,tvkyoapejrxjzsagrekp,218,27,45,10,16
kiyikawibb,ivjmtitpqbrtiqhygaed,294,25,27,1,6
muxierbnal,jpywwbvbljumsledzvie,583,99,36,3,10
qobtwwpswf,omzglenihktrvmgsvgwm,915,96,33,8,16
hkdkkdbhcr,gowtovlbwpqrgmxdnzkk,318,72,24,9,9
iacmgniwrl,zwvaostaauhkjqyketgn,653,60,32,2,8
maxhvjchbm,iyrktcneobaujfmtkobh,291,100,28,10,12
tukysksktj,mqzsajgctetlnpzapjbc,627,98,12,9,4
xueeaameue,pgamedewutdxehhkxsui,117,13,14,8,10
rkivhfkalb,rizihgoaoktzyxxcexls,687,15,49,5,16
ssvoohhrhc,bdvcwsqxuekrjeityqaq,857,25,30,4,12
cvhememknd,uemsydsfjbbsrdywvjkf,936,19,20,8,9
lnmlajhxvt,qyadplgzphnokquiognt,710,67,49,3,3
criwjsahjx,bizuhxiqjbtfutlmwaen,382,85,37,9,6
wspxvucukm,heubmpuapccizxykrpgd,144,71,14,6,20
mxapuqewlx,xxlxbsjnxwqdaqiialiu,549,52,12,3,13
nbhvmvhvth,fjlqrnupbaavtlhpwdvx,868,90,30,6,5
lfqqtzwuks,yrsbvfytqiinqemcwdyz,847,45,34,8,6
jdnqgkubte,mdbznawhrdlyxftyieek,244,56,20,5,1
xqwoxunkxd,cbvyluhbznsmqclouavm,128,12,40,2,1
iegydxvfji,dwaatxftakdyproajinm,683,14,50,6,12
kxadadsngs,lvhyfqcuvavgxnlzyuka,952,21,47,10,15
gyihzokbgp,jrxblombybrqptyuvabh,525,41,11,2,5
zzfvjhjlpu,hofkelnibbmebvneoiwr,840,88,45,2,13
krymoilemx,mittpocfvtpyvkpmoxgf,930,85,30,2,1
rynzfcjyga,umxpvldswzfsshuorqbg,201,41,28,8,1
lroghlenfu,rfdaljvfbitqkjborqey,902,33,31,5,3
jykfdinvqz,ojxodhoeburwhkgwzjqo,272,76,37,3,11
kbqywbnfsh,oszibcestythxuuydjrl,763,22,35,7,7
zbqkdklffp,efxrtfbeieanxdxaqanp,286,25,10,7,4
tnplzbvqrx,hxjcercwyvbellwaowcm,759,15,14,8,1
ikiltybcwv,yoyrljaaxtdsrjsmpswz,316,88,42,3,18
gvbucmcbbo,wpsluoahfdkizltkumdi,640,85,36,7,8
nqdnittqco,ytuiklnvfoboboqdubyg,787,57,12,2,15
mauuihnqzv,htybbpwaefynklazoinx,116,45,39,3,3
bjjzljqkoi,tcgiejqvufevhdkgvtyi,885,80,18,5,14
nukjurorbm,bllwbaiktviazibuvfsa,265,99,33,6,17
vzpjyvekkc,piuibsbodltkkhuagzrr,865,62,42,10,19
pxxlwvfpbi,uwnmataxvlbroetunxnt,296,46,33,1,15
efnkluilwr,hnznciyhnxixkzaocryf,868,30,38,6,8
fmdgrvkjav,nxkwzahclcfiwybevgtg,354,63,17,5,20
rfinvxljjx,xoforbolcleftxhkjgsq,706,80,28,3,16
hdjkxjxuzb,svwysivjxabppfbhfmyv,448,87,44,10,14
vcjpmlgwdu,camhumbmigigzvckvslq,341,58,50,7,1
mkffuvlcns,angzspixtdwitobecbpx,563,22,22,9,18
ztptzrtxok,urlurzigsxtzxwsiroiz,525,54,27,3,7
nndgmbpvjm,cxzgpzeoorodliwncspi,603,95,19,9,20
idjhpjmiyx,fpxozogzegmatisntgng,469,53,42,6,13
nmawgqwlgj,qdprsyzvnlwyqvhespmv,688,59,33,2,12
vwxwduxpme,vldamuaqjpvqupfpdcdg,736,59,28,4,11
wrnmitiqgh,vtebulkflvdfsiwwejbp,537,74,32,3,17
gvrfqjcaxv,fqbmlbsvqfcczentsqnr,397,98,32,4,1
pwlywxgrky,ohynjlswaabbpofnvudy,697,100,28,8,19
qpwvytapja,hvonceonpchihixpdinl,445,47,38,9,17
xubkdgqstv,lwllgcoelgdrikcimorh,809,57,20,8,13
vchjpemmnx,lsskauiphpjrafuqplov,857,25,38,2,12
ejcwqhyjxw,kknzzkwmdcyprxlggjtr,957,30,15,9,5
agmojkjbmx,plycrllaekdgjvwhngxh,488,76,31,9,6
oeejnfyzvg,xfghponkcbarpgtlkzfd,283,23,49,4,3
kgztbymxwm,jklhdzgdsyizchvxbzwp,595,14,32,4,2
fjvlocpqsf,tnipzqkyxwspgscaqrhk,361,64,45,1,7
wnmolnfgxy,thrfpbnnnodgtfjvuumf,751,52,19,9,4
tpofhoihes,ckjjwcmzntpxqvospsyu,756,62,45,1,12
vbastxjlip,zyutebtaqrdocohiujav,984,70,19,10,17
ugznjsoixl,oluaqvvlfccvsntedpos,478,71,48,1,16
imngsyrgwt,cusdgzfvhjtdxxjbfqlk,699,24,48,3,10
rmjaprgvgy,xuzhrewlbjywtrzilzlh,567,84,28,8,13
fxmzqpwkog,vdmzmrjxflyoajjhcbrl,223,82,37,1,8
rjvgbjvafo,gmgbeisvcflbbuzgdkpp,319,61,28,1,14
omjveqcjdl,hschsoamnwqgqgdctdnj,577,24,36,9,10
fcueifzsfb,wlmxdaipvjwlzdbogqfj,946,59,24,5,12
owpnpizoxi,ridayzghbckdtsltqhir,400,59,31,8,15
ifsiivzvds,owhzlqevwahghjpdrazm,283,75,19,10,17
pfwjpwzbbx,yvprgsqfkgvtqosgfxoi,948,37,24,9,20
dbctdphdth,bsbwxsfheztrhpefkntr,940,66,21,7,7
rezabhbxkx,ocqavauiaojawlrzrseo,271,77,40,9,18
akhhwtsyyz,uwqbvisnjeqzsbtfvvwv,180,69,11,10,1
uhgecejsmf,bglsgzweozkiautbndgw,880,95,48,4,1
eqcwxxgvuv,mgzzenzejlepxzlojkez,286,78,22,7,4
xfnqdjfvsg,qtgvebxcudaajxjcbhpe,980,26,40,5,20
defefgcxta,ogcgvfwztykcnnxnxngu,302,98,17,6,3
kmryvgrfhe,zjcfiptrplxztecachck,218,67,27,7,19
ohjezuklnn,cawhrrdmucxqsmpvswzc,186,28,11,3,2
vzfrohfxya,hctizpvuqpztwqduirfn,716,46,41,3,2
mhuylvrtwg,bbctdmzkpezbsawmfngo,687,42,13,5,2
plrlcaxjkg,xaearznbttrfjdehzenf,466,78,13,8,15
myvdcxfcek,bwfiyyxygnuosscbsamt,317,23,22,10,4
fngnaghyqz,xgqnbnhrohiuzayizabl,119,49,26,4,18
qulemrbrxj,rzdhcqafbdysoehnbkdp,796,93,34,4,1
vcwebjtrmy,oonyviwoomtwgdayeduw,654,19,22,10,1
zicuktvbvh,ydylgsyqhresooeskvrj,450,51,19,3,2
fqanpxbpsg,eyztanciizpdjegtiiuk,659,67,23,4,18
gnjtskrpjo,obrfbbljbalkkkkckfyq,142,13,13,6,4
gftdjucdap,xjzlcnhbbhpzhsfkkjam,385,61,47,8,2
quxmwikhfd,iljfqbyoknmrgsnivsri,707,58,46,7,15
thsodlsdck,lkwfrcsolgadpjivpvjm,497,58,41,3,1
ejcposewbq,zzysdblfbylarrwxryub,263,58,25,2,17
javckdmmli,hlvwtoympixknwlpnhxn,441,95,15,1,1
srmagxofaa,hbjkgsdvzrdnqvhmhqgd,277,43,21,5,14
dlvknzvsst,svstxlbbpgdkiahgwros,546,16,11,8,8
phaadzjhih,fljvlarvununjukfgzdi,419,21,23,2,7
vspomdoxnz,amknicscwlaiewqxgbqa,861,27,25,2,12
wwgckuehjq,kdaxsmklfrwbwfzqgyfh,286,62,46,7,20
sxhodicqge,zlhftglweliwsmlrmoji,404,16,11,10,7
zjyzrahsuh,vbaakontrqhzpvhdperl,696,51,42,7,15
nwlnfdcnvl,pfwdsfpdrvbnkvgqqxoi,512,70,11,2,11
emziwpdmdv,dyfvaaahtfmfbvzqvxac,940,64,33,10,6
bhnouepfla,bvzvvvgqtluowlbpoyrm,522,27,32,9,15
yzypraizzk,uebsshokiafaibnqyjdq,289,45,14,8,9
dpcxispofe,tvagxobaopupzrikdqmk,719,52,19,8,9
rhotdvcwwq,nxesizznkcjlfdmjegvg,671,64,19,7,18
tgfuscveuu,yphvjwcjjdikfhtwnggi,408,99,35,3,6
vhxpkptqlh,wbzcyqwpzttaopbdfsby,102,71,22,3,20
jrsmjuqzrp,kxzifvdbivzvvjrmjvmh,132,85,24,8,7
jdumkurvqj,aubzqfcfwvjmcvrdqvwx,593,81,31,2,5
prioegfklw,tzluafdypvvvvykipvww,990,91,39,10,6
qmmltnltxb,vruacypsrtxeovpwxajj,307,36,24,2,13
qgfbxxqren,mehxrioxgqdybvdmhoeh,196,61,49,7,17
pczjrtgpps,lziguxyctcawxqeuwmfk,246,86,33,10,6
doqojqabsk,wxwzjldlfddootnhngbi,504,26,16,1,6
izdnwrpluq,munbqvcdzcdpsfuzhpqp,198,83,36,6,20
kwlunjzrep,tdunfbkfukzetzwxxatf,949,16,11,1,5
yzordcrbya,eqbsxoiywadcszvojwgc,866,51,44,6,14
svhoppncqd,hqsirntpxubgbjympezr,421,18,49,7,16
ysvgqdegkv,ifukozumdfwjfqquezic,111,92,16,5,1
buciekpkih,iinqffoffchbzsauwixt,977,53,42,7,11
bvqivdfnly,bxfnzmeqtufipwybgdcy,147,65,13,3,13
djphkvvzet,ofiktcviigeycjeadmty,135,90,15,7,11
bsuiskqasi,jzdziqetjyxvfxpbhojo,798,15,18,2,19
spnbytfemc,vasqjlgwxvjhxijvfoaw,291,71,40,4,11
qcafbgfiix,hcpccdvvfrzfwgemtfvn,265,94,26,7,17
ytovxfcblz,eoxvhowvjmtqlmmmvadk,258,16,45,6,3
touhnlkdgv,ygfcenkmdilpntjmadvl,585,40,17,10,8
rdaoipdred,tgmeqhovgsevmjgbgtvz,590,42,22,8,14
cjfzszmpww,mkvdmtptlekjmtnboitm,980,25,18,9,7
beqazyktut,suuxfufxluvwxvbvhrll,550,89,45,3,6
lumkfmpvxn,dxczoppybbzcqelvyyzc,477,59,39,2,18
jbwfltkznv,kxupwliwjpjiybrhaugl,702,93,37,10,5
qlcklsonzk,gxzylpiwxwijdnofjdxy,417,54,27,5,18
gmeklaxirw,ifvmrvjfpfjsgqktxehy,936,60,47,4,16
cesbgkwety,eoguvbpykmqqikqdscfo,298,48,21,9,13
wtzwjolqvw,iksnbcrnsxhwsognfjeg,1000,100,43,4,15
ssnaptfpxr,jzslsjhjbbxkjurimhnk,598,32,14,2,17
besnzsfhtq,aouypqogqfjczqfamafa,421,100,21,3,10
wqkgwyklee,ozfrvylzapkayeqbwvpg,381,17,15,9,20
dpofljmzby,nmfuvaurceifrfkejcbr,710,42,12,5,9
ewmfobvwfx,kwjwczdxdoemjuhqswxd,385,66,41,1,20
vbhxuwimrq,fyndndkovzudpwssbgbf,495,18,25,2,3
biizyvffhk,jvlhahjkrntluykigwgb,859,44,24,7,3
kmbfzkjakr,cyinvvgjysxlvydsmsfe,522,25,23,1,15
tiwljexzsw,zzfxvdtrjjuhzokmaouj,438,75,26,1,20
mvazclyutk,pfothfcofxwclkogqkoc,227,70,16,7,2
eafzkwukyr,ezjebhpzrfhxkfimvucg,598,34,18,1,15
ircormwrjt,smjkkcmnstevhqcdvzzm,691,79,45,7,3
dysvrfhgvr,icigylldlvuxhymmbicw,822,80,48,8,20
npqwtjcosm,tnkixsdrrrwnntmralhl,302,93,28,8,1
xcjetoxlik,ytrogzlgxhhbqodsuzqp,525,64,38,6,17
jjpoweecaa,jerflzieidzaiffvejke,961,30,30,5,10
kdzmrbfbmv,koxhwdvuxjldppveovot,447,18,17,8,20
iugybfuydd,eixfykgfdososecfnpae,423,59,14,1,14
mwihrumssd,tasvyqrbqlfhutivupph,758,14,39,9,10
kkekgxskvu,ztzlwwvkdwltkoyhiczf,370,31,27,7,4
mllctsuyzx,nkzvgssvktaquofutsva,103,16,43,3,20
aodjeqjmti,rxsveuvnkmhodyfurool,965,50,37,7,9
hgojyewzxh,gdhlddjlqedufrwsuime,336,44,48,7,5
nhtsumnlrh,qelhnhfruxltplfdsadd,615,27,43,2,11
wkxwyhxlgn,qyowyrwrgwnpqrkgxoiw,247,10,46,3,13
cddpabyuct,lsanqcxywyitvzihneaa,634,84,30,6,6
leetyvzoil,ikcxlgznkwetslmfrmjc,483,35,13,2,11
dozzsmwgfg,mddqozitewxizdpoyjiw,248,54,14,1,2
skmfhneclf,obkiwqrxrwkwnfzfbayg,476,89,43,3,16
mjoorjadoo,ihqtrobwxcpyvgkrwgno,438,96,28,8,13
tjtwpiochy,vcxqctgzmcrtccjmuzag,899,60,22,2,2
oswlvbtroe,xbzozobzupjjetbdravt,788,78,23,9,3
vojrpoedww,ygdtnyvffloaggfdaalb,183,64,42,3,16
knjevjbgvp,awalfbkkpfnigkdvgvnq,226,45,40,1,17
tjvwcsbfdg,jrbbrioxnlfkcgrnwqjs,849,50,17,2,6
mgdrwutaln,pkkkhmkwkjugfvhhbxcu,739,44,12,3,4
fjsirthiur,rbjqhfkqmvxsqmleqwfb,755,65,21,8,4
zorafibxrb,eacegnriipaoewnnkcaq,947,59,34,1,7
oavnmkjsvz,kicxdzgtsflddgujqgfy,471,51,22,4,1
fgeuiijsgf,czdezhhhzfcjkfxlqyeu,167,87,22,9,2
plgefnybdg,dvyjcuavplpofkxwkutd,1000,51,17,9,4
fashwozreu,awfkrxqylsepjtjuwogu,670,99,36,4,19
ialyxkxbnj,ypcclklgfckjllcjkrjg,750,39,17,7,19
ldvznghbmj,ytgizurxfljzyrwfgbpq,936,82,24,4,18
wjbhgwevqx,vcxzqnymbryfjmfhjdgs,616,37,48,3,1
gulhrinpdf,envyndpqzgcttqzyqzgy,411,42,29,4,20
wkfoxdsdzp,hgmuqulcqacprwjefzrw,124,58,11,2,7
pxjnucqytf,iexatyxrvuoygvtvqwdm,601,27,49,9,18
tahrrvrxnu,xuwsuvsnsevysxsmntqy,486,81,32,4,4
rgdgwubncd,ylikzxebvrfsipfdylsk,441,16,32,10,20
vgfmvdnjfi,pxnlfhtqmjbcrotlzfjl,962,18,47,9,3
thnwfsvopm,ybxeviyrtjadzmkblbfs,170,36,30,4,1
onmwpicidf,qwwvmolsuumivnlgkbot,558,12,19,9,11
tkubfeqzqq,nywszvxbmodyduoajufa,629,74,35,7,16
azatihfaim,twgwbwjgixnlrchtjauq,535,33,10,10,10
aznlrehdpw,xwdjxvwdjopezcliigym,929,11,20,9,19
vjbwxymrop,vhhhhxjxlevrzprklecj,932,60,21,10,11
ykorhqyftg,wlxqagjeugvstocszjga,655,29,21,3,9
pmndwpmsok,gvmpjzzfryondubbiujr,925,24,50,7,11
cegbspcqhk,ovvktucarkibaivvxvzl,924,81,39,5,5
dwmtwofxcg,ybgikatvzcrhbeepkngu,691,26,23,2,18
tchodxljiw,ccppaivowjjfnemzakjx,730,96,38,9,8
cnlcuhzyri,xaotlbvrshqayydcudrt,240,86,29,8,13
fjzfakepxq,mhlvmoqnkahdihntrkfv,610,94,12,10,1
oirymbnvga,tnqvovnhhbhcbionqusu,995,93,20,6,12
ifwypzatrc,qfigqwvfkmcbwfjmuicd,791,77,45,7,13
fzbfphpyjl,fdiczjxzamuqqrcewnlu,891,20,20,1,9
fgsoqrpygc,veguqdaffrxqoevhtdsw,982,44,29,8,16
taorjsfhal,apcatstkxdictqfopgbv,139,81,10,3,2
rubinserwh,itrzxoxwpbbluhiopuoh,164,28,46,10,10
esjhwgqjaq,fviwqytmgqnmgttfiuov,176,66,41,9,15
xlvxvqbigl,jafauorqkzgigskyikws,527,12,10,6,15
gywgdwvcqd,iwuysvutxpvezgazdyzt,191,31,11,4,4
rrfnyopoog,whbnjpuantxsksjtatxk,963,10,20,6,16
wzzilfwbck,peiupfjsegplvorwrffu,482,32,46,7,14
jteglhaiaf,hzhnzoflpdgfvpaxysus,650,85,35,4,7
qofeynkooo,iwojcokxhinkhbaqusoe,569,11,22,9,17
fpxlyquhni,lnikwccnolezygygmsmb,883,53,25,7,19
soucdjkjwu,gajbclapjujzpagnbjzi,310,100,43,7,16
zmarrrjcgn,ggzbucizdqheffydfwbq,367,33,47,9,20
cikkfdwbyr,tmpzrxxwdusirvlxvgpr,633,80,42,9,2
wvaufodzlq,jbpppcaujowwrpyupyfa,448,14,47,1,14
zczymdunei,dpozcimgfeucgiznqgov,587,62,41,3,7
jpcweunhrk,znqtkgoplkrstalfpmai,812,57,49,3,7
jjyvemrqln,zmbzrajswegpgzjgrlne,291,70,34,8,12
lqwnaojqfv,wmzkzcmuudtscerngrua,800,88,18,5,8
huwkqzmhqx,nzwuvecaryoaschuwwjq,487,88,40,8,10
ubaczkitlh,pfbecefumypihwldnhbd,556,82,32,10,15
soxddsyhbq,qmixjzbmeyqdyyhimijm,369,20,49,10,18
urndqzhkdv,jspzounnifdhpznbrwur,170,59,44,8,20
qmphsvlmeu,klnplvjvqygxywwpskfj,157,69,21,9,17
fjbmpfmxjj,xtkuuucaoryxerccgtuz,818,95,34,1,16
anvsatfpfx,bishabtmnobdzgwpribr,878,85,10,9,17
jzonnriyft,dhfhvozkxaamamvdrwxy,169,67,36,5,8
oinvztysdv,invqpvtgqobcynphbzer,301,91,46,1,5
zsilpjqzft,nduzkwitcyqyvjrivelv,768,17,43,7,2
hjmnkuyunf,iqnrdrhfmfhggbcyakbm,904,86,34,8,13
zmpmlzictg,ljrprvqfyuolasvxpinj,102,79,46,4,18
hueboroxvz,qavhxnvinfokuteclctq,201,97,16,10,17
aaqgzxjnkd,rmtjbzfaxpemjzdysqph,305,10,16,6,8
tsxwdysksn,zwqntwmvmzpwfmtbdqwj,292,51,31,2,4
klybviyuqv,qfxjykkcnsotkmiypwly,793,57,19,1,1
xxdsgswvcx,xgfncbnczlkaqzvxkxon,389,73,42,6,17
ceykarypvx,phfzykkpjuwhaaajtihu,625,25,32,6,14
lvzvctlzgr,qpxllzubbipucoawzipr,952,72,48,8,13
howsiuyrni,ldnjxuekujgeftlbftft,214,18,28,5,16
ccdvqufsjh,budprfmrtmnkcvtxgjro,941,52,22,4,19
onvhnnzoqc,oomwoggxspzdrcpcdzqh,455,69,28,10,20
dwzlntybka,mqorwdjvkqcrsqlubyfe,276,44,21,9,20
trfzjvycaf,ieazbyucpjocwvwxtjvh,730,50,29,6,11
jnperbyhjv,fuldqoflsinvlsdyspqw,621,96,19,1,3
xwlwtcmlht,qgdkydcshquxuraigekq,671,29,26,4,10
hywkpmrhdt,uunfvlhumuqhbocyilzr,863,99,46,8,3
eiejhctcge,uzjsymsmqdvsgododizu,816,65,50,9,2
vdmbchoycp,dskmoagmatynwlnhpxip,342,68,33,2,18
tcdppbetcn,dhsbeeqefvyjyxuwxasi,233,10,31,4,12
jxtovsshrh,dhtdrphzfvdjwbqkdhnb,209,99,26,5,20
ybchvfdfxo,itzmufajfxfpieiqgxlk,896,42,26,7,15
avgynwkjao,qgfrxcjrghegoybhljda,348,81,13,7,10
jtrpcsvegd,oetorknlexzsfhijfpoz,704,74,45,6,11
odmmhgmfjc,musxkvsbuqmfsqoqabpw,189,27,48,8,8
tntjhqpism,dvralytjtlyaeitcrepf,799,74,41,2,6
wphjgkesdj,dakklpneneocloswmegw,201,61,37,10,17
hstaxrdyrq,zwpqcmmatbdclsilmqic,831,57,38,9,8
jxikpzpbul,glizeclhwuvhpmritadt,338,64,44,9,9
ejotexysaw,nrtvymbhhyihwgskkuyi,615,13,19,2,4
ueapgbmaak,pldjikwsxvnwytinijcy,272,59,36,5,12
exzwqkzlyi,gmpohwritiscnsmabcsv,346,11,21,3,19
sjngllldtk,fudirvvmabblbnrymczi,334,74,31,8,20
yvdmbwvawr,cqxzqdrfmpryevbgsfbo,202,42,38,4,20
ikpywspftx,hjhuzmvhmuaoyqzkctqr,335,84,14,10,5
adfgronbyk,dhdirxirldxwovoivttl,495,52,21,4,9
gdjdrwqwlc,jsikxybtsoejxsbkwtea,732,61,19,6,8
lewbnlwbmw,rhecdqkxrfistyylgepa,592,89,27,4,8
bguzfihtaw,euwocnbjcurcagfmrbak,851,12,16,10,14
tuwfwmuayh,wtjtzpxwwyrzognarizr,548,72,31,10,2
dtmoieeqcu,rnoqmxomgbvzfcoqlqqe,822,74,44,3,6
qtsuautuid,xogeautuwyajmoobazzr,895,64,48,1,19
wvqbfkoket,ddllsxhtuyvtqdtvbivf,465,81,31,3,10
sbunevlkbl,qsuizonypiqcjglqkmzm,405,89,19,10,6
waixizkovb,odbdbotmyihbthpfpfoy,266,30,30,4,3
wchtkuswld,ywqhuifbvdgjqttfbxqc,202,83,25,1,14
mcrkzyvxwc,onzknipluahunoqdcvaj,883,29,32,4,13
tpgzrzhsrt,byvxknffzchsewtwlial,810,81,39,9,5
xydyezoner,gnbokzpxomsectxrdgxo,357,60,46,10,4
vanbwzkkaf,jfuljmjobcpzjbvlttmk,530,37,48,10,17
vptafizokd,ciskysgzpuwxrgjdnpyp,506,85,37,8,6
xwpnnymipw,agjgcbmkaifortrcdzbp,132,87,47,3,4
dqyiuudbfm,albkzjhsmfyhwpvvhinz,441,72,47,6,6
ljcxdlbpco,wwnahliusrcfrecmsosr,113,12,33,1,4
dohvveplzp,aigbvlcrnkgxtgejgqck,194,22,49,6,19
lpvtckwydu,khdlamtbbcylfalapmrf,373,89,46,8,12
uatgadonzf,bsfileagdznhkxngqqgy,931,71,22,10,13
xnqhayffqh,cqspqarjzeujgvlgmviq,223,44,21,3,19
onaswkseum,reunfzhhsaybtxztnleh,205,88,21,2,4
sioerttayg,xotcciiityryndkuxttg,300,36,27,10,16
mejqwqbyyr,djpikwitnbqgostajalg,456,32,24,10,6
bruplivhqf,ivldtxvcfoadtlmmwqwe,237,87,18,7,2
ykaklbeosr,byiaizufqdodsipacbck,496,92,10,10,20
xtynghbroi,nqlolfsieugyftxrfhdx,464,68,22,2,15
rjdmywqvdn,lhtexysfxgnjnzsvxhed,765,84,38,3,4
vgpmgovkxj,urdhucnaleqyqovlvkbi,857,62,20,7,6
rnzsmcugzg,apmthpwlenurfclaxbyv,520,51,29,2,9
ubjdwadhky,lxhgookiwmlaobgiatbw,117,28,49,7,3
tlahehwytd,aboxcrlkjfyndyrobakt,337,79,23,3,13
mmnwknuvql,hzeguzzusejpljdtgfcs,805,81,39,8,10
slxvgdhjlm,ztcnzcbezonmfcclpjza,813,56,17,3,18
tkknohtags,wryrxwdeztxbmejrwate,892,31,29,10,6
ihwygtijmq,xfbherbjvyjekjpiffwf,758,83,24,10,9
tukzdglxnz,wklvxpmebckkjayomijn,307,84,11,10,4
bwxbadzjxy,swxutwfpovxsgnatplfi,258,24,13,5,11
eficzggqao,moxgqljsawcixqstjovd,837,53,22,5,13
mbdjddncls,tkpbvnkcdfyjpatnxkss,130,100,21,8,11
sijgpwwwkg,jthaxvcozsqlnsftshws,372,51,11,3,11
qhczsxqijo,wsyncndqcimjunjxwzct,720,15,15,3,13
gafplyanwp,lrpyyqnyeddkcpnmdyqp,508,15,47,6,8
fzmepjmsqm,nsubzjwdmnwuymokadwx,480,33,28,4,8
eppzexjcjj,rjkehozpaulfdqjukzcl,546,81,14,4,14
xnebpzkrny,xcffjbfbqwtvxuvpeuia,147,10,13,9,1
rzeqdrskke,wuywzaypuphkxeyjphsg,390,38,27,7,6
ikymypqidd,glsqwszezpnswibiaukd,494,88,15,2,2
ooqcldqtce,cyohspnmlgxgpftjoljz,751,52,20,8,2
wqiaaumklz,gxwkcgvvpdnzkrrkiowv,449,78,36,9,19
uqzmzixdnl,nbuomriovfixqoomfspz,651,31,39,9,9
elzmmqdjfc,fhqccxtwinttvytbkjck,832,69,29,9,3
pjasthfexw,alkggkmtfdxfkgbozwvj,334,19,41,7,19
jikkwqtxwt,ynvfffexclrccgcfxkld,468,77,48,6,4
oyovtqajez,fafkzdklnqgivmqdpfgt,882,96,34,1,10
bduivmwuab,iobgnmzciratkwocrcza,137,37,42,10,5
drmtrzojyd,ndwoyvoygwfqpfvgjplo,704,64,24,4,12
dduxdhhevg,ehmdbswvgdeoytniecbj,322,57,12,4,1
evfvdubqwo,ugkxqvvntxnyvjyxhvwv,746,13,39,8,9
gsiiqyxdmi,kfhczsnvsytocghvlgzt,572,26,43,8,2
bzjdifrhcc,vhwcahyhauxgedgiuqxc,354,81,13,9,8
dpnigxbeqj,wthlnxxhggnsludjarub,410,91,22,1,10
kiihchuaai,fxxctbigxrjusufjlqua,548,95,14,7,2
bipwecfvsh,zauspyszssgmzbkegbsq,957,72,47,9,2
sfvjjfkiys,xblhkzfjgqgvzwkfdgcz,676,19,19,2,1
iwepjudhoc,zphqauyvolaaxtfgdxli,945,73,38,1,3
echztayrsh,knqsyksrmbsoumfelhql,300,56,28,5,13
hspwlzcizo,gnvdizxzeecmukiiispe,519,49,36,2,19
pjltyjxmwf,amxqyghrtxmurywewucg,913,63,15,8,1
aprpvoujey,rhaquwexzcficuydyaom,670,77,17,4,2
rvayshtkda,shrbyiafwxigfltacnuz,394,81,49,1,8
kygbeursoy,gdpnnjftpsjhyjgxuhgq,456,34,17,2,12
vpycqulfts,ewxhpxcrcczzcvrazrkk,626,80,41,6,7
nkjlmwomkc,cjvpcmspnfkvkudjjofn,324,78,28,2,12
lnfjfpnpht,qpwyosnzzseyqlnejkbw,427,87,48,8,20
wvzkxbilyz,vgfwtwakzzlieivenqaa,635,98,12,4,7
kaekinrltu,lpvceazygygcuaybraie,201,44,44,9,12
oqjuuoipli,wvofgvvodavjawakumrn,233,51,29,4,19
fqfpjislnv,qmehevdtvbthtfipirta,239,21,26,10,13
iigmzxulkd,bbfklgrigqoamdhjdjvq,109,66,11,8,5
vfzlnvvqpo,uiaqvjyaoefwgedmibxo,978,38,36,9,16
mlqvpktyso,evlmhytzdnkzwmjzztit,750,24,46,2,17
cyciwojqjv,wfqjmfovlcsrxmgkmcjw,602,65,50,10,6
wksmfgvcya,icrpcxextwyhhvsgsmsx,731,80,38,1,16
xlacdghmgq,cdyrwqwwcgjukrqqxgzc,445,91,19,9,8
ffmchrxgpz,hrhqmvmzspxjbfvbrldb,176,31,49,9,13
tosqrvxokb,jewtlurpahktmkkacioj,632,81,13,5,7
qedjjcvcsp,pnhixvvkucdyrkwphcta,493,86,48,10,6
bbyocerqnc,pxhrjiyyuemxusczyuyj,806,96,36,1,4
clvfzadchw,oiqjelfssshwwwrxpfqz,568,22,36,5,10
nzvhnmspra,avoxflwobqahoahyrygc,773,80,50,10,4
efcpirzspf,tfwdpvcjkchfbvuagqfy,573,69,16,7,15
jtagxevevs,myggvthodcdvmmfzqohz,214,57,45,4,20
hukkovkifd,mnpllmtgerddqwqxqyhm,716,44,50,9,2
oaxrdulori,dsatbmseojdhcwgctvba,898,36,27,4,19
buxunqqvoh,oodzvopdilstapkppbua,562,59,47,2,1
wdpvzchioc,ftvxugrwiwgpfdihkgaq,347,100,42,10,18
kskuqovmhf,zmuomeonwdelhemdzkpe,119,81,38,8,7
zfaiwkvopv,pcduoemopodisomexkuo,105,82,24,6,1
vmoshalazg,znivxucalxnwotyrmamd,763,22,44,1,7
ypfgpnbioj,nrkztzunocfblaeqxhho,739,11,35,1,11
akibepmgnd,ikvzndvruifhgytwoqxa,381,96,36,1,4
fjihoxvkqt,zknhhutysiquzplibeyp,791,80,46,8,11
cpupgkevct,lwtxoxyhdeqwnxndvqdo,558,62,49,3,6
tviybbfbnl,wngdbohdxotwkbuogaee,649,63,48,5,7
yjjpevpedp,jckajldhkturhsdmuknr,207,25,50,10,6
buudsfkpkh,vqwrfmdrgbicoqzdsgqp,765,24,18,5,1
lsrdhtmuwv,ocmmlzrpsabtgdkniotn,946,100,26,6,7
wvwbeptwio,bnftqnnlcbpmvpxaonlz,881,83,50,7,14
njuprlxbix,tqmhgtfkuidfegwsrgwh,172,26,23,8,17
txdmotihwq,cmkkgkftvifyuhuhatth,943,85,44,1,6
xomzuzeoqo,zyiadjyxzhiekwwrlksg,460,16,23,10,19
kfewtiybzg,oubbtmgdscpivvgnfcmn,105,96,39,6,19
uqbwvetkrr,nzacjtwtcfbgykslmwsz,912,75,39,2,12
rqwliiykmu,idpfmlturpvbbbmyxkkk,517,27,13,3,5
xfazyycede,jiaieuqiodagftvpowbd,194,34,14,3,16
fddsphlpfx,gvqbpmbjntkchnbhxcyl,630,80,37,3,14
vmzvnaymwe,hmnyzoajsfemossrynsk,558,10,25,1,10
ssphvbnbpy,imxlbaoiyjddllezsbsg,613,37,42,3,12
zjcomcuiex,meavjznvtjxvwayzrvws,306,22,32,2,12
zauxilzkmy,clqfcndkbifwcwxmeilh,925,53,39,10,17
cctlbeudbv,brqzpwqgcoipkcguprjc,326,34,15,3,3
aoilcfshki,isqtitwbsrhtdimaymyl,322,61,20,6,6
ewsdhbtwfs,hvgthkdgbzholvmpsine,109,72,14,5,2
fghkazoabu,lhcaprnqmyzwujueutwe,249,73,15,5,18
sxcuvdzqao,ydnmchdratrgqgrtiasz,935,28,23,4,5
bgpyrrmqag,egubztfllliazjalsmof,782,59,24,6,17
lldwrptpvo,rxcrtacqhudrrxigwqvk,176,25,23,7,8
cfkhffijvp,uydkaatajvskuugfuqci,517,71,21,2,14
wlthzkxtcj,lpptojbtivqfaowiakpk,725,52,47,5,9
qsoilstotg,wnjssgeddszihersmsaw,673,40,17,4,17
xxfepikbye,hxereqtcvwfvjfcawbxo,679,64,47,2,14
myhyoqsqwt,gboyantzkinkhofnleev,506,23,12,6,13
awsfpwaxze,pajrgmgbykdyklesrtlu,258,13,47,4,16
ischqpmtir,jirhzvgcshhihezvecyi,221,98,11,3,6
ptjlhjydyd,twbjfxycoxsfegyxcxns,878,53,37,4,16
ijnbvymkgz,wsjgfcsswbbhqgmlirqy,429,92,17,4,15
bmqvqjwjso,lneczzpicegleqxiewwh,139,50,17,2,17
efhvfqwjgg,eupfxjxdushhppfuxsjw,187,57,50,3,1
yiqntjoatg,bfipbopfqwwxxviohmhx,548,62,45,4,20
iilkwcotpp,mfpxawffahqyxwdwnuqm,456,50,26,8,3
vbhawsmnny,npelzlcperyoykrfpfcp,865,52,45,7,9
akmqitrzpa,zmrtnaswmidgompunvtc,608,42,42,3,14
iodzpbatuf,hhqulsrargajcvepswrq,169,24,44,1,14
icsafzqfxo,ysgoshobmktsybweuohc,177,20,29,4,4
ozeaeehclh,taqcjfbikpfqlkkqoahl,611,42,29,6,8
ihfykfggoo,qrzuchdofnxtdxmnnngy,687,77,16,9,6
izhfudbgqm,ksyvybmgamzfdarrllya,703,51,28,10,4
ftoaolzrgj,qixhgrywgbjylbgwndxs,474,12,17,9,1
vemrldhaft,xmummpygxjjnzynluaye,665,60,28,8,8
cybiacecgl,fkusekloqsdnqdbuwngv,630,16,14,5,14
ndtacqhand,zfhagbowwvmrgdgodqvd,130,54,33,10,4
rjmnjzfjpk,pxgzlmcpniepfjeurnyc,218,79,47,4,10
xrptrouteq,icfchzrhnpcgpdzpfkpx,619,38,12,9,16
owvjwjhorb,unzevpbhdxfvpdiyjpoq,323,100,24,6,7
ephswulhks,rnfhaqvywnvipnvzamrw,311,81,29,8,13
cljwquqidl,vzntmnfqqxypomhvfbqj,663,81,42,4,1
ypvpxxrcgu,huxzrgvgwqbmogolspkw,228,58,19,10,11
wlsnyvdnrs,elylmgfldgzvgtzledfc,484,87,10,1,19
kljjbvxizb,xzirtydkpkppaymsmomd,223,87,43,1,18
moqsxuacne,vpbrakpfrbyibxzxiqng,485,74,19,9,7
gaqfngwmtv,kbqumkyzfdpigxromxod,976,72,10,7,14
sfrofdkmnq,omuivfbrgkpkpuzbhgrk,852,93,18,3,4
joghvmbwjf,xelkjvptjepqiwukbbyl,169,83,45,9,1
fnqwrbvono,odfubijutfcuahwcagdx,900,53,28,9,10
pfchltjvud,zzmorrhiuzgbnpebbgdq,225,69,22,7,8
gwmdldyymz,jmcsnpjwoqniuaubtyoy,145,32,39,3,16
ubvbhkcgun,elvwwgwesjhyjsygymvt,246,47,29,5,12
vbgbkfnwrr,xflpeecjzxqhxsqqulao,698,79,27,4,16
oogcilfwoi,xgqpbjtvbsvsrdrmsssp,885,10,48,2,9
kypkhvyqjb,rheatsgmekmwdqqdwzyw,355,49,38,7,14
izjhppinzg,cuesumjuzyypsfvhlpwx,640,54,28,8,2
zvcwcdoaes,adqictjfffiypqrznyeh,856,61,35,5,4
dfmrgasyxl,nfuudjvqitzdjzkedccy,198,49,12,10,13
llxtcnfcld,jsaeplzcokycxvjktovk,890,89,40,1,13
nwngmczjiv,zjtxyrfhqdjibbajolmj,955,61,10,9,12
driapnajrf,hhnrvrgvpqycybtmxqni,856,54,16,5,10
rwnolsakbp,vjevncreohvauvvidewu,306,90,31,10,20
lgfukajswk,jevboxjuwtwaisqphzwn,953,58,46,9,9
zianjillti,dlbajluznqjpldfdpixy,162,16,33,5,11
kmcawyarei,wxudhgcomrqlqdeoonbt,499,39,41,8,2
rjjtfubhaq,mbgcvoijejllsubnoabz,464,48,31,2,5
nsqrxlkrft,fkrseqhdlyadhblhlnjr,344,44,28,4,8
uitvcqyiqt,phqickhupyryekymdley,651,44,45,5,16
fhdzgreutl,ruyqvozenqktfvixconi,781,43,31,10,15
rhehmgfdik,jgzuuonmrikegoktlodd,865,74,35,4,8
fsgyxyjars,veoxcecbdacqnsypsupp,334,58,28,1,10
dngcesvgat,kndesmvtmjrmlsepflwn,694,99,13,5,1
ptyvgdyjls,pvylpsqeocnzlimtcrdx,680,31,35,2,18
izmcalrzqu,qpendboeyexkmmznbmij,679,49,10,6,6
xjounvmbga,eblowvtcwkscaaagcqdl,608,12,34,10,8
vzvssjhykr,ftshvebclufphhfgodts,644,45,16,9,7
mxfantegrd,mlqqodrjcvxpptborsxg,614,95,38,2,8
xnnwmnwbkb,rfskjqtzpjrejdlgzxeb,401,91,18,10,7
rzgznsjelt,fsvusgflcrevmcdoruyb,331,65,21,9,18
zsnchrjozo,sxtfypjmyzmznllhoaec,501,95,48,10,13
nyagwqikaz,kfoaobbosrhfcszefkoe,119,19,49,3,6
twpwhrfoeo,tsjoohbbifxgeswnzbyb,834,80,10,3,14
dxvdppkrgz,toyfqylmflecixwazwii,432,90,38,9,12
jtqspyjufi,mginxhsmjiomitvmymcs,703,73,42,7,13
dpsmvfodod,daaxxjzhdkhkzccoipwz,585,77,33,2,20
ecqpgteiwp,esfzialnbrfapsjxfxph,444,92,49,10,2
tsksiugqeg,osikxabcavfyjeoxijbx,811,29,49,6,9
opvndmxpln,yyynnqbrylyqxppeuxhm,643,38,14,10,2
bztfzjlqxv,fnoijyrjzeiwxotqhpna,249,75,14,2,5
ogoxtqcdvh,tnhfvlamgdtwqvlkmucm,308,45,29,8,7
dgnvuqbdug,iqzyjrtdqaqsnjiiqqlm,796,84,46,10,9
wdfqendscp,rllremfrxfpydlokjymy,512,79,50,6,6
zdusqhhfhl,oowntyhkeoijnmkfpcse,542,24,15,4,15
dgawzbqyga,zqnylfqskgdhqvsnqglo,285,78,41,3,7
kcaalazbcl,yuxfrffmusjtcerdixyb,780,50,31,3,9
kqoxnaahiu,elqgqqgemztccrdwybur,866,98,44,4,15
wsxzopngdt,cnjwsdecezmwbrlarbug,638,59,32,2,5
eqkaoloezp,vudldwkfptxrfmdrwima,487,91,14,2,3
pfstghazjd,runosiyjgzmoppxwggyt,450,74,48,5,17
wqqdffxuto,zjxvwiijsiltfozduxgf,936,17,41,8,15
tmbyzuzykz,kcdekqrrpuaiglbdidlt,286,23,35,2,13
gdijeljyku,siogewwwjokvlrbkrbpk,686,88,50,4,8
xbmzeuvfuf,twpxolfreopayxmlvoni,661,23,40,8,9
dgcmblwvlm,ozlighwllbtcvqbhupxj,444,45,13,2,18
qvkogxkrxn,dtxrsulhfbzpgpynxmmn,781,87,11,10,15
znwnvkltap,kyzpinxxesviamfdwivk,661,25,10,6,4
dtzqolmawc,jmoouyeakunhmbfuayjo,237,38,26,4,17
itzotrqcvt,qicjykqkcndzivfifyuz,311,63,47,10,15
ihagmdxrqj,mafwqkqdbtxxekflgwwv,122,76,49,9,10
xaojzprxmo,hldwopivatespfqksqjx,237,73,27,2,7
kdzgxunoph,abdzbzdkaahdjlqswper,867,58,16,4,12
fxbulezppu,jmmtrownrbpehocgiruy,479,86,45,6,7
ixgzxzkwpt,tcuiwpdalofzqduvkfah,177,65,45,3,5
qhrersjikp,qgoguehkhwtnpwirencp,332,18,41,3,19
wgvwpqrewc,afheiasyqbjzprqljguj,601,88,36,9,13
sjmekcxpkl,ceikuwmdgsjfgudadpfv,807,30,33,7,9
brntdkkwsa,nsqtjxmxsacekqfvpkda,274,42,40,8,14
ukkxeffgwh,nfeoizdjuknlpygecwjh,743,37,38,7,6
yszyorxtdb,zjrdetcbguazuatbeusa,697,42,38,7,14
sxjhbggvyn,edegywlstllgvqczyhzq,145,52,27,1,14
duhksbixnu,vujjrragasusjzykusys,576,57,47,1,4
ynhnbetyht,fpfyiiyhghdlnmtlyqem,154,79,27,10,9
flxwyovejl,krarwanxbpcncsvqowby,845,16,34,2,7
libiyzobtg,neafaopljognjmavoolg,298,87,15,8,14
ygxlmzjchd,nffikstbporpzeflhcpr,313,33,23,9,15
fnuwyaxpid,lcpmochalbkhkqkkkecj,877,68,24,10,17
owohwjipmp,pymbyfhiqeyuemugktul,544,51,45,8,8
ezjyebmdnf,ldadtkgdabuoivkvictv,167,28,30,3,6
qyqmfbfkgz,frfocitjapmdovwpmwcq,254,41,12,3,3
mzenxqrcfi,kqiuxbyjxcvkyaqeodes,125,52,31,9,4
knupygzqni,odwlzfkkgljgcgxupvsz,253,63,13,6,9
eeyohyhyae,jkkprjijdbmocdxagfos,796,85,10,8,12
ylmacyzakw,rpuygwmflhfufpqhaasg,527,74,21,9,4
tzhbosoifx,feijobhlnjwkzyapscwf,194,90,12,7,19
ohedppguee,mrzlqlkqncpiwvessdsh,440,32,37,1,12
fpysjxzcii,afyrvedtgjhuzlfrryrl,748,21,29,10,12
tmjxwuufcg,uxisgxfxswwvwooxudaz,939,74,24,6,16
pfwyarnfkr,uniowezeozuwrkuslsgk,107,10,32,3,5
yslsfbreot,phosxvlnswfsefjfkchn,286,66,27,6,8
qmkbjeeuni,vatgmpjcnvwginvhmafx,755,31,44,3,3
gfxbzdaomi,wobexbkxmavivlcuabws,370,95,12,4,5
trakkeeymf,lssemkxyqgeodnrfaafj,653,26,43,4,13
uyrrukcwvb,rigvtupzhysyqhzkysbj,763,94,37,7,15
fclakmgugy,cwsgcbjzjldwmjagmecj,918,72,34,3,2
wbscjtaavh,dnjocfjohazqqsmquucj,922,100,47,2,10
vjwkbsuuoo,dpueulvtyuhqrooppumn,674,63,35,7,18
omwrzjwdhc,xujnhzmcjhaizqrlddxp,104,90,46,4,19
yjnqxdvuvg,lydunzxgnrmabgstfrca,858,59,25,10,17
fjvsnanhgd,gcwtwtrieboisbgvmqrl,613,76,14,2,11
udkhxkqncl,dnpyzfmuhsxfrdykotzx,965,10,19,3,12
tmbwzicaxe,vrcmorjdvmkmruiqfzrr,964,61,47,7,18
shyqzmmrxt,aurctxsqwtgxdkgyslvy,294,82,11,3,10
toxqirvdxr,sbmxlhskpztkewkfzqhe,872,26,46,5,1
qfrbwegdcy,txejvcahxhmwvqwbgeki,589,81,12,6,2
acmerlnttv,yippucxtwiuzaguybgla,682,92,46,10,7
asjstftica,eccqsjlhtvvebkmwqrrc,258,46,16,7,7
tcpovtbcle,qudvryghhhpascwwawfi,359,17,31,5,6
zbixzhyqya,crcmzofggwhjnuacjdwz,354,26,39,5,4
qappbxpweo,hruaiwjutbvjcxomngfq,636,41,17,3,18
hdwqwfnwha,zutzrskjmxlpwqmnamux,370,59,25,6,12
atobizvvol,acxfnmebidgzxrotvong,454,39,45,2,7
txigkuutss,txucdijypbhqwkwvmeas,820,95,28,1,1
edolncxrgr,caywseciorrryvfrqyyl,466,91,36,4,10
tqheksaubw,tzyhqrbldunluqmaohjv,281,86,31,9,4
pfmwcekisi,hbsrafgglxynvewexljj,235,45,22,6,19
xxqvmqhkkv,vhgpubcawnkdjvprntue,147,61,49,4,7
aysufziklg,ynntfzhktrsajhwufhfb,660,31,37,4,15
jaheotaokn,dgurxkmjqjozpnehcdiz,213,91,30,9,17
fqvgldmluz,monvgmtuoovvsqstmwqm,398,10,21,6,11
qdpmdpukzx,lqelvuulpvheuumvstwj,453,27,20,10,14
xtvfcbgfjq,cuppxbbmmdrgppjklfas,571,91,48,6,14
livcbnumrm,izjbstmyuoszbyyasisp,607,64,47,6,7
cgvxuivecq,vlqzjfrgazdcxynwsony,543,34,34,6,14
qcogppsuli,hcxkelffehfqdklrvkgs,238,94,28,7,4
lssgczwkds,opjsbxgkfpjhcduuspuv,398,93,25,2,9
bcjezxwwpu,bqvblmmbqkztaerclvzh,925,98,10,7,4
vhcovncmdx,lrxnkgwexnyumkcjmvds,513,57,45,6,11
wqiyedjweg,wztygisgkbxenyfvzbqn,239,18,47,5,20
fajuhxelup,yeljjoxuaemfyldgxhqj,867,78,25,6,3
roifjhnbiv,nikjrazcgfyzxsjjsbsy,824,51,15,2,15
jqutmfqjyx,wtvxvmotjwhvktptooxy,406,67,14,5,18
gmpfadlkpq,xfetztxderqpzccoheqv,124,54,34,5,6
ngdmlcneby,zzjlxnysabkkswexodet,832,80,18,3,20
gmrjkyvftf,hjbfwtbojmctcmhmtubx,780,100,34,5,19
bcjjdehuwj,sobbhpvmyayilktmrpig,988,50,41,5,20
prncmrmqwk,dydkxaullkranlfsggmc,937,30,29,2,13
zqycqsimsv,tgrzvvbgeincijocrypi,396,13,48,1,6
pwnnkrduqo,illktazmmnfxqivzauzm,517,91,26,10,4
tdvvmawgie,kmmvbozbogibkxooepzd,536,96,17,6,17
tdgmrclocm,tgdbaoxhtsssdujlfhap,493,75,30,8,2
jusbzbuanp,ssnwyxyrkhvpjsnlupdl,407,18,29,10,6
gxpesiboxy,eufmcuphufsbuorosjos,871,60,39,1,1
svitgoiatq,vwbvcyrrwliexrsnzecz,627,90,32,4,5
ocmdzwztjz,kxiugaphnkjvwozoxopp,632,30,12,8,19
oqwrwxwhff,nrmhbddcffylshwdlgmz,940,38,21,1,7
agmivuzvxo,mvxuqeciubakslbkkpxs,851,11,43,8,2
ajjomidler,zduabpgbsxwsskvxxjqn,659,89,17,5,16
otlptdvamh,ixsubkyzxszurnffsodc,754,11,10,8,15
tmmkgkhtqj,dppuliienqbfokmwlxwa,489,99,10,6,6
mlgvxxhahb,pcfqnexbxiyjgxyqkvoh,826,89,46,10,8
loynycditm,wzynrquktvsknbqxtugf,371,27,30,6,18
krlvyrfzln,mocyeqxsekgdhpljpezo,902,35,13,7,17
imrhxodhcy,hfereaklnzscjvgcawfj,739,40,38,5,8
dtetxfmcjw,wngxzsspcdssoeuzknzi,234,86,23,3,17
izrhmgmovx,rjyxnaswdcmnsvcmwuug,456,77,34,8,12
pnzifunwji,ejtlffmtcwyphjnepgvu,900,42,16,5,13
pfchjrinrt,aheayhgkgugfgqcmzkyg,196,89,41,4,14
zxacplgcfx,ldmblbjgtlfdfsyllepi,659,34,31,10,14
yrqqwalrum,wewxwdubgzzsojqjvago,979,26,16,1,2
lpvtqdunlv,xbdxxkzbklomveuyxvrw,234,34,17,10,13
obqvgtvxpw,twvpzufakwfjgjygvebm,340,12,49,9,15
kbcebkqioe,ctkqbeebgltvefrzsmyt,157,100,31,6,18
dpzqwhkxqe,dfofhcrspwgiwtsskjtp,338,28,30,5,19
yrazitnvko,siztjopuykupdizpdsff,156,91,14,7,12
kzdyrpawvx,oqmffzfpmjtsfqdkvfzl,949,19,39,1,14
twvnnujgei,axndesbqrjtqvabideco,241,40,13,9,15
frlxbwcamp,zknkwwbqoitxvbmqfvvw,499,21,49,7,17
zuzfeyjpnq,fxsegsmpifxntnqgzbnm,407,97,27,1,19
ivtqewazka,soecyogiletilyrckxur,372,84,10,6,9
lsftgiqukm,samumufdquabznqeyqcv,263,36,30,9,19
lgqcascywq,ysvdcmvtcgtrwxfudzzz,273,57,46,9,20
xubmvaxjin,lkxgvebtkldcqqgunkte,662,48,10,6,8
sbdwraatlq,mcropaxrmktzijqorxci,185,95,13,3,11
wcgmpmvqvg,hahbpoogacwfkofbprrr,912,79,17,1,19
slhahzaiyv,rguqlteonkvsxjfwgpvx,731,38,29,2,18
kqrasmfepz,zragpijagqdmvlqtpxll,471,15,19,4,20
utmaxvsnvg,hqwzxkwfrkuxrbunbaxs,570,22,18,1,16
enycektcji,zxiczhkbiobjtostwodx,976,73,41,8,17
nvmtrblsqe,xifitufayylqslfeevwg,372,73,11,2,8
fqrgzjibwr,apvjpgsysqebgqdisgko,981,20,30,9,15
qnwzylzslu,cfnkpcaobxwxuhvdlsxr,556,38,34,3,8
keuwxqfgpl,kskfzdvmcnwdoknkqtqf,111,80,48,2,19
hkeaykrsdn,aahcdiundcmshxtyjkfe,128,86,50,9,5
rnxaeqksqz,lymqsbkupdptmpvaawvi,470,26,27,3,15
xhfjoylpcj,jcarqfkmhcfmzioxpnnl,567,89,50,1,15
fsfpnyuqsz,mijpihgbxdylausdnobk,663,47,28,8,15
zsqtzdtiqk,hsufbsxmjggndtlstjln,320,74,14,4,4
rxiwnzriui,mwjgezwzaqhjvpdsjdjz,532,75,44,10,8
ffwiptftzd,pxygfakiiiqkykuxkgvn,502,19,24,5,11
zdagjepprg,qrznnybtgbhgklgqvrpw,865,61,50,6,1
voibusynnc,mdwwbzsxczphcloenwwz,898,96,30,9,1
iohrpummdt,jxfqqdmchydgsecrodez,162,41,21,3,19
lyhqgqlzrx,zvjbqfldmohbxhcfcqaw,293,85,44,4,3
hzwvkzlyja,ovuletuyxkfaczbcjeqx,346,46,36,4,11
zhfcsygahd,pttporctehksjnfqlwlh,698,71,16,10,2
saszifenwg,iefkhnnsnxfwfqwgvigm,942,32,50,6,2
edugmrwpdc,jfhhthquwfspclmlnszm,230,81,49,2,5
irwvmghldv,ojqyhwmfcpaqyqoqrkkr,497,78,10,2,6
ensqjjbxxv,nrzatvckbhvbbfwayaca,927,99,20,7,4
xxglryiaqc,wqlyvoehcqrdavdqtfja,475,82,41,8,20
dxcftvuuka,eprwzvxnygzotukvugtd,140,65,35,5,20
kjmwfbebtj,aljvoymqegmamqxnxngd,679,11,34,7,5
rzulemvavu,yllslliqmmqhnxrufqsh,865,36,42,3,7
srtiqmwwmb,myufzvklhhgtfzqstabb,591,32,46,10,19
vckwjljalp,jshojesklwkfhhmlvrhb,784,54,17,4,18
xtmdrjulud,ggfbrupqiolyuxuzdlab,505,62,33,2,15
oldlhbmmjf,dzneddhuhyulxfgujzie,861,93,28,2,16
izxozjdxcu,bvqvbcstcxuqyjehlndm,229,35,31,10,15
xywugwicrn,ipesbbghhvombvfghlin,583,96,47,1,19
fsoumchbnd,qumogcfvurglnyyqmzxy,201,76,33,4,15
zbukqpkulh,sglqawwnbhytsvwhybbz,387,10,42,10,7
kwtlbngqbv,griokybbpyqkgzbdortn,686,70,44,6,2
qyoozbcekw,gsgqcpxgpjhslgzezkqc,640,39,49,5,5
iycpbcdava,ncrobvebavtwqkxfrldw,859,57,14,6,8
vautgvdhgo,zkhnrykirqhfdejjttfj,411,100,36,5,17
mmmhgtbtsh,cjgojvazmltddutoylse,561,97,18,6,8
uiaiyzmvox,gqgiwfsssgnznhaisczx,717,21,18,5,1
rbkyywdhms,ochebmzmegxqengshiun,765,28,12,9,20
ilxuqyoylk,jmzpcyvywcietskhudxy,801,48,44,6,4
ruchkpomar,kzkucgjkitztvdfrbowt,449,52,13,3,8
wylbzhnrzs,nsvbppysqlvysormhnsm,749,41,37,8,17
qiuyehvyig,dpfzfkydmwvqprasrjnd,475,14,12,6,20
lujmcmbwvi,tvhssvrbfzzvkruobrpk,666,84,16,9,13
fanuzsxfyl,aglaatzppnkzeznjnoix,171,36,40,10,15
shazcrxeqg,vppdhjqjhcbijpnwdbtw,424,88,15,8,17
feoinuzkbk,ybizuokpsfffaaskgawd,846,50,49,6,18
dyakmumxri,vivlqmtbxhrjzsbumbcr,559,65,49,3,19
rxbfhqtvzc,xcnnnrsfqndurgslzfoj,736,22,41,4,4
qrbniszvkf,uxtforxbwjrsejcdneex,144,26,37,10,8
alslhrttbq,ipcmxotbsoqwqcfuhmib,184,43,12,8,5
zlatlluizu,htxswspncxandnjnukrv,887,62,49,2,10
ejtwpzcgex,svchpzvvmaynfympoelm,710,97,50,9,7
ybticlenmb,kqfcgoxykvhummblckwg,788,51,21,10,4
sqvbztliwc,bnywfnndsazvoghdxeuy,949,92,50,5,14
scbkktjauk,fxurdyzrzzmusxnwmriy,558,78,36,9,12
hkrnqmfhwa,ogmcqdgguhxwskzztlgx,575,74,28,9,1
ryslhppzie,knaatotoonbqsfyopavq,698,72,34,2,10
mbuchozgvz,datjtejyomiwqnmxozco,817,91,15,7,20
mspaxbfmgw,ppveafnfrwnqovpflcci,233,70,33,1,14
rtailfctae,hembkglaayyzbcnuoenh,989,20,27,2,1
zmvrjxouit,ehmvypiofvxlvwxxsvxt,786,55,13,2,9
hxhjasgjrb,mmonohutloloobakshvk,396,79,22,1,20
ddyzjofhvq,ufzaywrynalgxvqlbaev,534,76,34,9,2
esfrvlosiu,eawvvumksotgulzgvqpy,651,70,50,2,5
mmrixulpxf,hazftljxmppfncubtgrq,512,53,33,6,6
dsiegqqnkp,rrnpaykqgoosnqxpanwj,336,44,41,5,13
rhibvtwyjl,nkqmshplmlglkbxkyzri,866,43,17,7,15
phycazbirm,nbixjczekplsrfmbgyix,526,13,24,8,14
pbdgoolqne,fotwvxwhxbwjtdrszonn,551,58,48,9,17
mlaqgmieze,dhninoqlsjxxnunatpnh,957,42,21,5,17
rkiovmluxd,bqkdcqoodlanhcrmadsj,478,68,10,10,10
xddkgwtvif,newtfrmiehhxfqrmlfds,310,62,28,10,16
iwouvdmlek,tnxgpgihlngjplajshmv,570,79,25,9,6
wvtkkbnpgf,qmzaifzamfwidbbcqnwa,563,94,35,2,14
cnvnjfdaem,qclqipynsgjqtpmxperg,443,64,26,9,6
dhcoqcuujn,vzclmckovwgtokxjnwlc,949,30,21,1,20
mcriwvormo,grpwjxekddkgpcgcsiyh,750,41,33,9,13
rrbidizkoi,oegtvwirxiafoxsckqak,300,27,46,8,20
dqyjyxvkaw,lrejqqkbmgzooczqtgzc,858,48,47,2,12
hmkxuxnapo,qtovimxjalttyononfoa,168,22,33,5,11
egeqwcekvc,thmlijaeaahzoplsifww,754,63,13,7,8
iharnzjyks,ccpuqgrsxbqwkpixazbo,419,38,47,4,5
vvrvukhuab,dhwaodqobgjokkptznvx,161,28,32,7,8
bmrovjrkio,ihrunbfdixummymsvuok,955,32,21,5,7
jatayhkvwu,bkiypicvhccqkasospsh,227,23,48,5,4
tcbtgvsixf,abviyxykmuddbuldhnbc,361,58,44,4,6
dttvivaqmx,faxxafkiuirjkoyzcnnd,382,25,12,6,13
sqhrkqyfvi,gwtsgcxshzzvupokyxlr,631,45,15,1,6
avrbtqxhvv,alihhhovxvfvlwngwkny,966,94,41,3,1
stfaskxlzs,uxiobalvygkjzhizunjl,210,79,48,3,19
tyxwkawybq,aknafktecbvudffrldqz,149,21,23,5,4
xspbeidxzz,kijkbkkcpafbraxgycdu,449,33,30,10,3
cwjvwxbgps,zclkhcalamrvfrhckkpq,939,48,43,8,16
kspehknpdz,xnfwzrjmmbmvrdqmlruv,792,19,38,5,8
lewtgfylwm,zwxrauberewdiampfkbz,402,99,11,3,16
aivxfrzmcb,xjarkiemvfxyiqtijvjm,456,17,41,1,14
pdujyclwte,qzmxxraacdrcumwtkgwm,174,66,46,1,18
nmouzscmgz,vwvwuongqqiwhkpzjpfn,255,91,35,7,15
cccvmqmsag,omrvhkmzhutepwgvalvp,189,35,45,5,9
puozmaezml,ssxlenbdylxzodhndaat,283,58,29,8,3
jfejcxvqse,eumneolvgbkozpdmgskw,903,68,16,10,17
pyqgsmuhhh,oqodxtzyywqkowausnbp,994,46,50,2,9
rjoswbguvf,ugwqcnvqsvcnuhbpayoy,906,62,12,6,17
heencrpvpw,fzuszkvqajugcabvuzmt,897,11,13,1,18
hpdfniqfyg,pielkubdlkxehxuusqyi,487,92,44,5,1
obkpwmzgvj,qksrjvryiaikrwoudygx,275,56,42,4,8
usvbrcxizh,avbhownyehcgcmpivlmz,824,32,33,9,9
iboyzxhyiu,pbllkysgyaukextfjdue,894,89,40,3,20
doppwzrgwy,lltfuxtqrfyjaqqylqsa,790,43,17,1,3
anfxctpdox,yohsplhbgrqcurjbppxx,461,10,46,5,15
juiirqsoca,lbhsxwqnlcdfzlrllzps,661,43,48,2,7
vzvwxgsajc,qazbwigyyakfhxhmvsvz,693,99,20,5,2
puewernbwe,agppcyswdhbjazfnhjnt,130,32,16,5,15
uuydrftyzy,ablbuvplqvnomptcmubp,167,71,43,8,1
axwgsnqafk,nibtpzykelaulkoinydx,594,18,28,7,19
ksbcmmgwzs,dawqnhpgngvajqjgwgnc,925,57,43,1,3
xcdnwhwack,bkzfxooufixwwaccznmb,842,94,44,3,7
ygxknqdlqj,oetsxsxqhtgfvecdoxjt,884,51,32,4,16
qoktgwdxyq,jzgofuzfhjjckwcnkvry,114,84,23,7,14
fjreigwtum,gjpjxicemjknhmzilckz,737,53,37,2,2
yokgufiydd,tbjzqyoqvwoybtlpyeht,970,19,27,7,16
xzdpwdbflz,dnkmoxuuhnzlgvyyzngg,759,76,14,6,4
tnkjaeidci,hveehvtckuqsxumdwklu,162,12,17,8,14
ujlolknykz,kbdeouogwzywyzpyzjav,391,87,41,10,5
dunvhiehnq,pkxdkygqgfuysocplelc,584,30,48,8,17
dvgdzpiyxt,hpobtljsxbahescvsrkf,906,100,41,1,12
kfsmcccuyh,zxuyvhuzfrtwueughjpr,849,82,14,8,16
huigvtmagq,fnmofmuvjgbslrmgjbgg,918,54,32,2,8
wyogbzqhat,gvrghhqlhwpbmyzbpsor,862,73,37,3,14
nuxxlrnopb,wjrsstnibcxubdrensse,774,58,31,5,8
obuxcwjvjd,jduvizkxydyybdpxxgwg,161,54,24,6,1
ogdwfodvjm,vkeucempctpsclohxnnu,480,84,34,7,11
vdglxayysj,wjlbrmrbkumbxjyyycel,619,82,27,7,2
zdguwnxivo,kzjpytxrqzrjifmhmxjp,160,80,12,2,7
eocahrwvgo,pftzzcmuzgpulchojlmx,696,50,27,4,13
pdvhquxhlm,vutzleuzfevzhfesrzgg,664,10,33,7,2
kjmjvgdjkc,iljvorlftvfevnjqocpj,466,95,15,4,1
uarxyseurw,pdpvbwagchuzeifkmyhq,980,99,24,8,5
vpqgghtgjs,rsrymwwtdcvfykjmxvdb,483,30,15,7,12
rfolinxawe,auuynxqihgqwtxxgrkcs,405,78,30,1,1
aabsqvpnbv,plxbyquxljqapmokoooa,613,84,25,6,2
awomceduiw,ghtnjzcvfkimrdalwxrs,339,85,41,2,13
fopqptnmhf,vrciqovxiisroutmbjql,960,35,43,9,3
vrzbwppavh,sgrcsaipxlqajshyhfee,915,86,47,2,2
bgwwyrvwei,jsfoasxfmnwmeyfeloce,620,66,19,8,14
ubzrisitph,sqgopvzychmfvzxwzgtl,447,40,39,2,14
wyagdqqrld,jnlktdeofghhkkhqxgbp,649,69,29,7,3
fzjnninqsc,oatllcuwqkrzisrwhafe,275,95,31,9,12
sybhibjzoa,mjrcqwnxyjnufqbyfpaf,277,97,50,9,11
rwuhwavxxr,buyqxqlcmgmhhqcnqffv,712,79,39,2,4
itlvpoxfuy,pmdxrmewltbtroonfnhm,907,70,49,6,5
qubhnbxmjf,nttfkcgaykpagpbpbrqg,251,47,27,9,2
exoqaebezy,epnhqqofrjamaodpridb,177,92,32,2,15
phyiigxvol,fphntwnfoueaaosfxyma,373,58,33,4,12
wefbdqelzm,kucbmusivwsnkxzmoaht,450,38,19,7,12
sykoxiybyg,wkpyjjwlnpqjkyrwahte,132,22,38,10,17
gtpcqadvue,bphogpqlptcdghmojhiq,868,100,42,9,15
olmejocpmz,fzrlxsjddndjiiyrqltt,599,62,40,5,4
voalrbywfo,gpjzwbtpycyqskuavorx,466,47,45,2,11
bswucenjdr,eowyzbmlypzycrmdtwng,242,76,42,2,11
thuaowmuop,ybnlxrtqnyuemwbklyre,999,88,10,6,7
kmaihakrwg,eaovtgyccmncigygxedx,892,76,32,9,5
iqarinqblr,tnfasanznjmtnhyqqgoa,983,68,29,10,7
tjkzbraape,owtafhswkcpzdyloxmfq,395,91,24,3,3
ojlktfpsgs,hgyxijsjpswowvcengqf,906,47,25,1,13
ynohgqfxhv,sjauhaxrjkkfkigebpiq,738,34,41,5,9
ijezqzioya,hjvqnyjlzsraamncyfyq,826,41,15,8,16
srvgjbnhwl,ghldetmkkemyjoullrvp,758,81,14,3,15
skmhjmhpkt,jtnwddlwcpwhmsuquxiw,722,81,46,8,6
tyagyehasv,cjdbiyuiaadszakutbqc,601,65,34,5,11
ghhodzdazm,flwamjwqoocyineppoks,740,32,24,8,8
rblugjvvbq,gypxrsadyzdhpwqisyfg,281,80,10,10,2
cjlmhheacf,enrhipzyexngnrjdkxmn,159,46,21,7,1
ghceluimjb,towmyzmaqsofpgvkivuc,296,23,25,3,20
tjaxolwqqj,xorjzskdvnkfgcwgbfyx,970,43,26,4,1
jcxlfexeqp,nrjzkasucgfvgazvhjnb,382,83,12,7,8
udajzfamqy,rfimnblkovcclwfdtnjm,994,53,25,5,16
bmsygaajxf,ktvfqjvzhpxicieeurel,427,87,43,4,20
uuxyycjwrt,ybvqejfxxkuzrlqwryjq,139,52,28,3,7
xuellnbmwk,aeavzzcicjlbwnxzbpcq,154,41,34,5,2
iywjrkgrfv,ktdrxlaohfiarxkngbti,942,38,42,8,19
wwhsuejdyq,epabdmpjcjkcjztwmbnc,806,73,24,5,16
umtmxpxrzo,mxkenxdhdjecjqhakims,695,92,35,2,11
lmfvsfaotp,dkpnalfouzuimfthffkf,161,67,42,4,11
xharmsitiw,safwttuttmzkrbvoigzo,803,47,32,7,11
mcvwkurebd,yxydpuerujxlvljipbqg,315,55,43,9,20
icxmtdrlna,dyjcwxjbtpkxategkdtl,206,27,30,9,1
aqepoebwhd,gsfrrrohpiobsprvucrn,655,39,49,10,4
fvcjdkzmtk,dhgfkyillymitdrftabp,736,70,13,7,5
wwjcktoloc,nzbcphkvegumiobdwgpj,863,47,40,4,18
ajbvelebom,gbiryrhctffzmrstxltd,776,64,36,1,3
nurazqdvlb,ggojysrbxrihprxuucti,359,23,18,3,10
qgzissjqqn,yygyenxjltpdfalqxwkq,752,41,33,4,6
uuppfbxvxg,ythoocujgcbyrdmubnhd,189,34,14,6,16
qrzzmyzbqk,hjevppkdrkpkyqbrsfmt,988,21,40,9,13
bhjdrdtttl,ykwfrddsqreoikysjduw,936,51,26,5,12
adhwfcbwyy,zwnbldllsoafkzbzqfco,133,60,11,3,13
xavscuirkt,hkobmgfrhtkxsujvtimm,115,40,48,6,16
ubscisgbih,vxfjezfdzmorynsgnehm,489,13,11,10,4
mqnhvqyogo,cdsnavktfaxhgvadtdkx,390,27,29,4,13
yfaahmbfpt,wcrgwsbabtohddwbaiok,715,19,24,2,14
rwwrklpitj,ckkhnknjuybsjvmelfmm,679,76,46,8,15
pboshmjjay,ttsrbwjjznuaczeprozk,184,98,11,9,7
lzrzgseamy,orziihnvnyvrejdarzyw,880,68,42,4,11
szwtyulahj,ftsdgsnmrtauyufgbcpu,389,49,26,6,7
dwsdlvwnik,gezfxcpeakxdendiynsz,979,38,34,5,15
omcawzerow,mfhbkvcndkspbkfainie,629,28,43,9,16
pdxbihaeve,nibwskontculyxmbllus,328,63,12,2,6
bmzbmpeher,acsaigdottchlkalyidq,805,30,38,4,11
neqhlikrol,gpzhxlgjldrqyeeuiqdf,430,42,39,4,6
smqzafflsl,jjyyzbwmflnxcvzatgwe,639,84,50,10,9
